rank	taxon	precision	recall	sum_prec_rec	predictions	rank_diff_loose	surroundings_loose	rank_SILVA_loose	taxon_SILVA_loose	rank_diff_str	surroundings_str	rank_SILVA_str	taxon_SILVA_str
superkingdom	Bacteria	0.9977056277	0.6823809524	1.6800865801	29/29	0	0.8240429607763088	domain	Bacteria	0	0.8322542030661462	domain	Bacteria
genus	Dyadobacter	0.98	0.6311111111	1.6111111111	9/11	0	0.021514205945146987	genus	Dyadobacter	0	0.02414189522089013	genus	Dyadobacter
genus	Papillibacter	0.99	0.62	1.61	2/11	0	0.0980653769179453	genus	Papillibacter	0	0.0980653769179453	genus	Papillibacter
species	Papillibacter cinnamivorans	0.99	0.62	1.61	2/11	0	0.0	genus	Papillibacter	0	0.0	genus	Papillibacter
genus	Marivirga	0.9822222222	0.6166666667	1.5988888889	9/11	0	0.013293943870014771	genus	Marivirga	0	0.013293943870014771	genus	Marivirga
order	Actinomycetales	0.9869264069	0.6098701299	1.5967965368	29/29	0	0.3161069711926191	order	Actinomycetales	0	0.39043194941772313	order	Actinomycetales
phylum	Actinobacteria	0.9849350649	0.6110822511	1.596017316	29/29	0	0.7544870191525477	phylum	Actinobacteria	0	0.7560436037969981	phylum	Actinobacteria
class	Actinobacteria	0.9849350649	0.6110822511	1.596017316	29/29	0	0.415482704955068	class	Actinobacteria	0	0.42160751041718963	class	Actinobacteria
genus	Desulfitobacterium	0.9588888889	0.6344444444	1.5933333333	9/11	0	0.013862148633038121	genus	Desulfitobacterium	0	0.015402387370042356	genus	Desulfitobacterium
superkingdom	Archaea	0.9340909091	0.6531818182	1.5872727273	22/22	0	0.8240429607763088	domain	Archaea	0	0.8322542030661462	domain	Archaea
class	Alphaproteobacteria	0.9932900433	0.5916450216	1.5849350649	29/29	0	0.4769920397746807	class	Alphaproteobacteria	0	0.4866051357998572	class	Alphaproteobacteria
phylum	Proteobacteria	0.9935064935	0.5900865801	1.5835930736	29/29	0	0.7544870191525477	phylum	Proteobacteria	0	0.7560436037969981	phylum	Proteobacteria
species	Porphyromonas cangingivalis	0.9822222222	0.5988888889	1.5811111111	9/11	0	0.0	genus	Porphyromonas	0	0.0	genus	Porphyromonas
genus	Fervidobacterium	0.9711111111	0.6077777778	1.5788888889	9/11	0	0.025430067314884067	genus	Fervidobacterium	1	0.11892296185489903	family	Thermotogaceae
genus	Campylobacter	0.9133333333	0.6588888889	1.5722222222	9/11	0	0.0031758634378721714	genus	Campylobacter	0	0.0031758634378721714	genus	Campylobacter
species	[Clostridium] litorale	0.9455555556	0.6266666667	1.5722222222	9/11	0	0.0	genus	Peptoclostridium	0	0.0	genus	Peptoclostridium
family	Sanguibacteraceae	0.9644444444	0.6022222222	1.5666666667	9/11	0	0.014676822006726604	family	Sanguibacteraceae	1	0.3306799890071061	order	Actinomycetales
genus	Sanguibacter	0.9644444444	0.6022222222	1.5666666667	9/11	0	0.006772009029345372	genus	Sanguibacter	2	0.33182844243792325	order	Actinomycetales
species	Salinicoccus alkaliphilus	1	0.565	1.565	2/11	0	0.0	genus	Salinicoccus	0	0.0	genus	Salinicoccus
genus	Halobacterium	1	0.5604545455	1.5604545455	17/22	0	0.016940351788148244	genus	Halobacterium	0	0.016940351788148244	genus	Halobacterium
genus	Marinomonas	0.9755555556	0.5844444444	1.56	9/11	0	0.023393544566183002	genus	Marinomonas	0	0.023985786200769913	genus	Marinomonas
class	Betaproteobacteria	0.989004329	0.5649350649	1.5539393939	29/29	0	0.4769920397746807	class	Betaproteobacteria	0	0.4866051357998572	class	Betaproteobacteria
species	Halobacterium salinarum	1	0.5487878788	1.5487878788	17/22	0	0.0	genus	Halobacterium	0	0.0	genus	Halobacterium
order	Bacillales	0.9587012987	0.58995671	1.5486580087	29/29	0	0.1315991723322495	order	Bacillales	0	0.24522613065326634	order	Bacillales
family	Rhodobacteraceae	0.9767965368	0.5700865801	1.5468831169	29/29	0	0.02734375	family	Rhodobacteraceae	0	0.0412077356557377	family	Rhodobacteraceae
genus	Succinivibrio	0.9988888889	0.5455555556	1.5444444444	9/11	0	0.011976047904191617	genus	Succinivibrio	0	0.011976047904191617	genus	Succinivibrio
species	Succinivibrio dextrinosolvens	0.9988888889	0.5455555556	1.5444444444	9/11	0	0.0	genus	Succinivibrio	0	0.0	genus	Succinivibrio
class	Bacilli	0.9516017316	0.5920779221	1.5436796537	29/29	0	0.49154670237696685	class	Bacilli	0	0.49531302310010045	class	Bacilli
order	Rhodobacterales	0.9695238095	0.5737229437	1.5432467533	29/29	0	0.35370588382636575	order	Rhodobacterales	0	0.36061919194449316	order	Rhodobacterales
species	Treponema porcinum	1	0.54	1.54	2/11	0	0.0	genus	Treponema	5	0.8333333333333334	domain	Bacteria
order	Burkholderiales	0.9854978355	0.5535497836	1.5390476191	29/29	0	0.2737158448337222	order	Burkholderiales	0	0.3361936019613271	order	Burkholderiales
class	Halobacteria	0.9884659091	0.5446590909	1.533125	19/22	0	0.5556742640075973	class	Halobacteria	0	0.5559116809116809	class	Halobacteria
order	Halobacteriales	0.9884659091	0.5446590909	1.533125	19/22	0	0.21851851851851853	order	Halobacteriales	0	0.21851851851851853	order	Halobacteriales
genus	Pseudomonas	0.9387662338	0.5933116883	1.5320779221	18/18	0	9.765183504073348E-4	genus	Pseudomonas	0	0.001410526506143928	genus	Pseudomonas
family	Halobacteriaceae	0.9890909091	0.5428409091	1.5319318182	19/22	0	0.039792908313767986	family	Halobacteriaceae	0	0.039792908313767986	family	Halobacteriaceae
family	Desulfobacteraceae	0.9818181818	0.5483766234	1.5301948052	18/18	0	0.05898585719213522	family	Desulfobacteraceae	0	0.06002069679199724	family	Desulfobacteraceae
family	Campylobacteraceae	0.8711111111	0.6588888889	1.53	9/11	0	0.007399103139013453	family	Campylobacteraceae	0	0.01233183856502242	family	Campylobacteraceae
order	Sphingomonadales	0.9913636364	0.5363636364	1.5277272727	22/22	0	0.35370588382636575	order	Sphingomonadales	0	0.36061919194449316	order	Sphingomonadales
genus	Porphyromonas	0.9772727273	0.5504545455	1.5277272727	22/22	0	0.018353434714210803	genus	Porphyromonas	0	0.018353434714210803	genus	Porphyromonas
family	Flammeovirgaceae	0.9044444444	0.6222222222	1.5266666667	9/11	0	0.018883225208526415	family	Flammeovirgaceae	0	0.045759962928637626	family	Flammeovirgaceae
class	Gammaproteobacteria	0.945021645	0.5787012987	1.5237229437	29/29	0	0.4769920397746807	class	Gammaproteobacteria	0	0.4866051357998572	class	Gammaproteobacteria
order	Xanthomonadales	0.9779220779	0.5454545455	1.5233766234	18/18	0	0.3345323741007194	order	Xanthomonadales	0	0.344643797157396	order	Xanthomonadales
family	Xanthomonadaceae	0.9783766234	0.545	1.5233766234	18/18	0	0.007323487760469351	family	Xanthomonadaceae	0	0.011207768561602266	family	Xanthomonadaceae
genus	Pseudogulbenkiania	0.9622222222	0.5611111111	1.5233333333	9/11	0	2.7693159789531985E-4	genus	Pseudogulbenkiania	2	0.3331487122680698	order	Neisseriales
genus	Acinetobacter	0.93	0.5909090909	1.5209090909	11/11	0	0.0021820134949142303	genus	Acinetobacter	0	0.0021820134949142303	genus	Acinetobacter
genus	Arenimonas	0.90375	0.6125	1.51625	8/11	0	0.0061715696358773916	genus	Arenimonas	0	0.0061715696358773916	genus	Arenimonas
family	Sphingomonadaceae	0.9872727273	0.5272727273	1.5145454546	22/22	0	0.013563283518662796	family	Sphingomonadaceae	0	0.013563283518662796	family	Sphingomonadaceae
family	Moraxellaceae	0.9236363636	0.5909090909	1.5145454546	11/11	0	0.0022929918218991367	family	Moraxellaceae	0	0.0026905383916401636	family	Moraxellaceae
genus	Mycobacterium	0.9067676768	0.6067171717	1.5134848485	20/22	0	0.006215946588903384	genus	Mycobacterium	2	0.3332821732791037	order	Actinomycetales
genus	Thalassobacter	0.9644444444	0.5488888889	1.5133333333	9/11	1	0.022635353295041294	family	Rhodobacteraceae	1	0.023315093634231725	family	Rhodobacteraceae
genus	Desulfococcus	0.9918181818	0.5190909091	1.5109090909	11/11	0	0.03562753036437247	genus	Desulfococcus	0	0.03805668016194332	genus	Desulfococcus
species	Desulfococcus multivorans	0.9918181818	0.5190909091	1.5109090909	11/11	0	0.0	genus	Desulfococcus	0	0.0	genus	Desulfococcus
order	Rhizobiales	0.9877272727	0.52	1.5077272727	22/22	0	0.35370588382636575	order	Rhizobiales	0	0.36061919194449316	order	Rhizobiales
family	Mycobacteriaceae	0.9005555556	0.6067171717	1.5072727273	20/22	0	0.014676822006726604	family	Mycobacteriaceae	1	0.3306799890071061	order	Actinomycetales
family	Pseudomonadaceae	0.9174458874	0.5883116883	1.5057575758	29/29	0	0.0022929918218991367	family	Pseudomonadaceae	0	0.0026905383916401636	family	Pseudomonadaceae
genus	Parapedobacter	1	0.505	1.505	2/11	0	0.01626244217019487	genus	Parapedobacter	0	0.01626244217019487	genus	Parapedobacter
genus	Dethiosulfatibacter	0.99	0.515	1.505	2/11	0	0.021961932650073207	genus	Dethiosulfatibacter	2	0.3323572474377745	order	Clostridiales
species	Parapedobacter luteus	1	0.505	1.505	2/11	0	0.0	genus	Parapedobacter	0	0.0	genus	Parapedobacter
species	Dethiosulfatibacter aminovorans	0.99	0.515	1.505	2/11	0	0.0	genus	Dethiosulfatibacter	2	0.3333333333333333	order	Clostridiales
order	Pseudomonadales	0.9147186147	0.5898268398	1.5045454546	29/29	0	0.3345323741007194	order	Pseudomonadales	0	0.344643797157396	order	Pseudomonadales
order	Desulfobacterales	0.99	0.5141558442	1.5041558442	18/18	0	0.3573108165882856	order	Desulfobacterales	0	0.3677853783668234	order	Desulfobacterales
genus	Arthrobacter	0.9690909091	0.5336363636	1.5027272727	11/11	0	0.0035949525900547687	genus	Arthrobacter	2	0.3333172485342727	order	Actinomycetales
family	Micrococcaceae	0.9654545455	0.5363636364	1.5018181818	11/11	0	0.014676822006726604	family	Micrococcaceae	1	0.3306799890071061	order	Actinomycetales
order	Campylobacterales	0.8033333333	0.6977777778	1.5011111111	9/11	0	0.38958810068649885	order	Campylobacterales	0	0.448512585812357	order	Campylobacterales
genus	Thermosipho	0.9466666667	0.55	1.4966666667	9/11	0	0.025430067314884067	genus	Thermosipho	1	0.11892296185489903	family	Thermotogaceae
species	Mucilaginibacter oryzae	1	0.495	1.495	2/11	0	0.0	genus	Mucilaginibacter	0	0.0	genus	Mucilaginibacter
class	Deltaproteobacteria	0.9845454545	0.5096969697	1.4942424242	29/29	0	0.4769920397746807	class	Deltaproteobacteria	0	0.4866051357998572	class	Deltaproteobacteria
family	Oxalobacteraceae	0.9805627706	0.5131601732	1.4937229437	29/29	0	0.07337957698430748	family	Oxalobacteraceae	0	0.09037980441209915	family	Oxalobacteraceae
genus	Anaerovibrio	0.9990909091	0.4945454545	1.4936363636	11/11	0	0.01007413039346132	genus	Anaerovibrio	0	0.01007413039346132	genus	Anaerovibrio
phylum	Bacteroidetes	0.9896969697	0.5012121212	1.4909090909	29/29	0	0.7544870191525477	phylum	Bacteroidetes	0	0.7560436037969981	phylum	Bacteroidetes
family	Thermomonosporaceae	0.9711111111	0.5188888889	1.49	9/11	0	0.014676822006726604	family	Thermomonosporaceae	1	0.3306799890071061	order	Actinomycetales
family	Methylobacteriaceae	0.9890909091	0.4990909091	1.4881818182	11/11	0	0.02154957352277317	family	Methylobacteriaceae	0	0.022642495663950202	family	Methylobacteriaceae
genus	Methylobacterium	0.9927272727	0.4945454545	1.4872727273	11/11	0	0.003490705995287547	genus	Methylobacterium	0	0.003490705995287547	genus	Methylobacterium
phylum	Euryarchaeota	0.9795454545	0.5022727273	1.4818181818	22/22	0	0.7306165174704013	phylum	Euryarchaeota	0	0.7347675425931274	phylum	Euryarchaeota
genus	Flavobacterium	0.9490909091	0.5327272727	1.4818181818	11/11	0	0.01335241886784013	genus	Flavobacterium	0	0.01335241886784013	genus	Flavobacterium
species	Dyadobacter psychrophilus	1	0.48	1.48	2/11	0	0.0	genus	Dyadobacter	0	0.0	genus	Dyadobacter
family	Alcaligenaceae	0.9490909091	0.53	1.4790909091	11/11	0	0.07337957698430748	family	Alcaligenaceae	0	0.09037980441209915	family	Alcaligenaceae
species	Gelidibacter algens	1	0.475	1.475	2/11	0	0.0	genus	Gelidibacter	0	0.0	genus	Gelidibacter
phylum	Firmicutes	0.931991342	0.5417316017	1.4737229437	29/29	0	0.7544870191525477	phylum	Firmicutes	0	0.7560436037969981	phylum	Firmicutes
family	Streptomycetaceae	0.895	0.5768181818	1.4718181818	22/22	0	0.014676822006726604	family	Streptomycetaceae	1	0.3306799890071061	order	Actinomycetales
genus	Oceanimonas	0.9845454545	0.4863636364	1.4709090909	11/11	0	9.876168046797841E-4	genus	Oceanimonas	0	9.876168046797841E-4	genus	Oceanimonas
family	Intrasporangiaceae	0.9567676768	0.5125493025	1.4693169793	27/29	0	0.014676822006726604	family	Intrasporangiaceae	1	0.3306799890071061	order	Actinomycetales
genus	Rhodococcus	0.8439393939	0.6247979798	1.4687373737	20/22	0	0.005806558646242327	genus	Rhodococcus	2	0.3332964662943096	order	Actinomycetales
family	Rhizobiaceae	0.9413636364	0.5240909091	1.4654545455	22/22	0	0.02154957352277317	family	Rhizobiaceae	0	0.022642495663950202	family	Rhizobiaceae
family	Succinivibrionaceae	0.9772727273	0.4863636364	1.4636363636	11/11	0	0.0023165446121655954	family	Succinivibrionaceae	0	0.0023165446121655954	family	Succinivibrionaceae
family	Pseudonocardiaceae	0.9727272727	0.4904545455	1.4631818182	22/22	0	0.014676822006726604	family	Pseudonocardiaceae	1	0.3306799890071061	order	Actinomycetales
genus	Hymenobacter	0.9909090909	0.4681818182	1.4590909091	11/11	0	0.021514205945146987	genus	Hymenobacter	0	0.02414189522089013	genus	Hymenobacter
class	Epsilonproteobacteria	0.7577777778	0.6988888889	1.4566666667	9/11	0	0.4769920397746807	class	Epsilonproteobacteria	0	0.4866051357998572	class	Epsilonproteobacteria
genus	Elizabethkingia	0.8811111111	0.5744444444	1.4555555556	9/11	0	0.01335241886784013	genus	Elizabethkingia	0	0.01335241886784013	genus	Elizabethkingia
order	Caulobacterales	0.9281818182	0.5272727273	1.4554545455	22/22	0	0.35370588382636575	order	Caulobacterales	0	0.36061919194449316	order	Caulobacterales
family	Caulobacteraceae	0.9281818182	0.5272727273	1.4554545455	22/22	0	0.009645949797215829	family	Caulobacteraceae	0	0.009974788994848187	family	Caulobacteraceae
family	Vibrionaceae	0.9227272727	0.5322727273	1.455	22/22	0	0.002724188964415282	family	Vibrionaceae	0	0.002724188964415282	family	Vibrionaceae
genus	Lysobacter	0.9777272727	0.4769480519	1.4546753247	18/18	0	0.0061715696358773916	genus	Lysobacter	0	0.0061715696358773916	genus	Lysobacter
genus	Thermoanaerobacter	0.9468181818	0.5077272727	1.4545454546	22/22	0	0.01051156271899089	genus	Thermoanaerobacter	0	0.014716187806587245	genus	Thermoanaerobacter
order	Vibrionales	0.9204545455	0.5336363636	1.4540909091	22/22	0	0.3345323741007194	order	Vibrionales	0	0.344643797157396	order	Vibrionales
species	Anaerovibrio lipolyticus	0.9988888889	0.4544444444	1.4533333333	9/11	0	0.0	genus	Anaerovibrio	0	0.0	genus	Anaerovibrio
family	Chromobacteriaceae	0.9230952381	0.5275396825	1.4506349206	16/18	1	0.00737221494102228	order	Neisseriales	1	0.20429226736566186	order	Neisseriales
phylum	Thermotogae	0.9863636364	0.4636363636	1.45	11/11	0	0.7544870191525477	phylum	Thermotogae	0	0.7560436037969981	phylum	Thermotogae
family	Thermotogaceae	0.99	0.4572727273	1.4472727273	11/11	0	0.0782874617737003	family	Thermotogaceae	0	0.15718654434250764	family	Thermotogaceae
family	Porphyromonadaceae	0.9436363636	0.5022727273	1.4459090909	22/22	0	0.042930116291707426	family	Porphyromonadaceae	0	0.05542875774372351	family	Porphyromonadaceae
class	Thermotogae	0.9872727273	0.4572727273	1.4445454546	11/11	0	0.4261213720316623	class	Thermotogae	0	0.4287598944591029	class	Thermotogae
order	Thermotogales	0.9872727273	0.4572727273	1.4445454546	11/11	0	0.3492063492063492	order	Thermotogales	0	0.3611111111111111	order	Thermotogales
order	Aeromonadales	0.9490909091	0.4945454545	1.4436363636	11/11	0	0.3345323741007194	order	Aeromonadales	0	0.344643797157396	order	Aeromonadales
order	Coriobacteriales	0.9090909091	0.5345454545	1.4436363636	11/11	0	0.3161069711926191	order	Coriobacteriales	1	0.39043194941772313	class	Actinobacteria
family	Coriobacteriaceae	0.9090909091	0.5345454545	1.4436363636	11/11	0	0.029019607843137254	family	Coriobacteriaceae	2	0.4988235294117647	class	Actinobacteria
genus	Cellulophaga	0.9	0.5422222222	1.4422222222	9/11	0	0.01335241886784013	genus	Cellulophaga	0	0.01335241886784013	genus	Cellulophaga
class	Negativicutes	0.9532034632	0.4888311688	1.442034632	29/29	0	0.49154670237696685	class	Negativicutes	0	0.49531302310010045	class	Negativicutes
order	Selenomonadales	0.9532034632	0.4888311688	1.442034632	29/29	0	0.10337972166998012	order	Selenomonadales	0	0.10337972166998012	order	Selenomonadales
order	Rhodospirillales	0.9490909091	0.4918181818	1.4409090909	22/22	0	0.35370588382636575	order	Rhodospirillales	0	0.36061919194449316	order	Rhodospirillales
family	Nocardiaceae	0.8986363636	0.5418181818	1.4404545455	22/22	0	0.014676822006726604	family	Nocardiaceae	1	0.3306799890071061	order	Actinomycetales
genus	Brevibacillus	0.9363636364	0.5036363636	1.44	11/11	0	0.00998629332289015	genus	Brevibacillus	0	0.00998629332289015	genus	Brevibacillus
genus	Sphingomonas	0.9895454545	0.45	1.4395454546	22/22	0	0.011763734676187725	genus	Sphingomonas	0	0.011763734676187725	genus	Sphingomonas
order	Thermoanaerobacterales	0.9240909091	0.5140909091	1.4381818182	22/22	0	0.21554809843400446	order	Thermoanaerobacterales	0	0.24843400447427294	order	Thermoanaerobacterales
species	Prevotella shahii	0.9977777778	0.4377777778	1.4355555556	9/11	0	0.0	genus	Prevotella	0	0.0	genus	Prevotella
genus	Caulobacter	0.9063636364	0.5272727273	1.4336363636	11/11	0	0.007506347278949111	genus	Caulobacter	0	0.007837509658902748	genus	Caulobacter
family	Microbacteriaceae	0.9366161616	0.495	1.4316161616	20/22	0	0.014676822006726604	family	Microbacteriaceae	1	0.3306799890071061	order	Actinomycetales
family	Veillonellaceae	0.957965368	0.4701298701	1.4280952381	29/29	0	0.009383852691218131	family	Veillonellaceae	0	0.009383852691218131	family	Veillonellaceae
family	Lactobacillaceae	0.94	0.4854545455	1.4254545455	11/11	0	0.007814195789016714	family	Lactobacillaceae	0	0.008221185153028	family	Lactobacillaceae
family	Comamonadaceae	0.9517748918	0.4706493506	1.4224242424	29/29	0	0.07337957698430748	family	Comamonadaceae	0	0.09037980441209915	family	Comamonadaceae
genus	Lactobacillus	0.9445454545	0.4772727273	1.4218181818	11/11	0	0.001966988796715984	genus	Lactobacillus	0	0.002223552552809373	genus	Lactobacillus
genus	Porphyrobacter	0.9477777778	0.4722222222	1.42	9/11	0	0.00942161737764983	genus	Porphyrobacter	0	0.00942161737764983	genus	Porphyrobacter
genus	Caloramator	0.9566666667	0.4633333333	1.42	9/11	0	0.3004484304932735	genus	Caloramator	2	0.333282663221099	order	Clostridiales
family	Sphingobacteriaceae	0.9613636364	0.4572727273	1.4186363636	22/22	0	0.03613990892355392	family	Sphingobacteriaceae	0	0.03885282433872687	family	Sphingobacteriaceae
genus	Bacillus	0.8713636364	0.5463636364	1.4177272727	22/22	0	0.00343538676634234	genus	Bacillus	0	0.006380003994635775	genus	Bacillus
genus	Desulfosporosinus	0.8433333333	0.5711111111	1.4144444444	9/11	0	0.013862148633038121	genus	Desulfosporosinus	0	0.015402387370042356	genus	Desulfosporosinus
family	Bacillaceae	0.8522727273	0.5618181818	1.4140909091	22/22	0	0.007688498308698243	family	Bacillaceae	0	0.01817624791210267	family	Bacillaceae
family	Thermoanaerobacteraceae	0.9381818182	0.4759090909	1.4140909091	22/22	0	0.013729977116704805	family	Thermoanaerobacteraceae	0	0.14035087719298245	family	Thermoanaerobacteraceae
genus	Phenylobacterium	0.9661111111	0.4472222222	1.4133333333	18/22	0	0.007506347278949111	genus	Phenylobacterium	0	0.007837509658902748	genus	Phenylobacterium
order	Enterobacteriales	0.8627272727	0.5490909091	1.4118181818	22/22	0	0.3345323741007194	order	Enterobacteriales	0	0.344643797157396	order	Enterobacteriales
family	Enterobacteriaceae	0.8627272727	0.5490909091	1.4118181818	22/22	0	0.029673785743423737	family	Enterobacteriaceae	0	0.029673785743423737	family	Enterobacteriaceae
genus	Brenneria	0.9966666667	0.4144444444	1.4111111111	9/11	0	0.028906157235774502	genus	Brenneria	0	0.028906157235774502	genus	Brenneria
genus	Soonwooa	1	0.41	1.41	2/11	0	0.01335241886784013	genus	Soonwooa	0	0.01335241886784013	genus	Soonwooa
species	Soonwooa buanensis	1	0.41	1.41	2/11	0	0.0	genus	Soonwooa	0	0.0	genus	Soonwooa
order	Lactobacillales	0.8890909091	0.5195454545	1.4086363636	22/22	0	0.1315991723322495	order	Lactobacillales	0	0.24522613065326634	order	Lactobacillales
family	Cyclobacteriaceae	0.9727272727	0.4354545455	1.4081818182	11/11	0	0.018883225208526415	family	Cyclobacteriaceae	0	0.045759962928637626	family	Cyclobacteriaceae
genus	Azotobacter	0.985	0.4222727273	1.4072727273	22/22	0	9.765183504073348E-4	genus	Azotobacter	0	0.001410526506143928	genus	Azotobacter
genus	Marinitoga	0.9757142857	0.43	1.4057142857	7/11	0	0.025430067314884067	genus	Marinitoga	1	0.11892296185489903	family	Thermotogaceae
genus	Nocardia	0.9545454545	0.4490909091	1.4036363636	22/22	0	0.005806558646242327	genus	Nocardia	2	0.3332964662943096	order	Actinomycetales
species	Dyadobacter crusticola	0.9133333333	0.4877777778	1.4011111111	9/11	0	0.0	genus	Dyadobacter	0	0.0	genus	Dyadobacter
order	Desulfovibrionales	0.9722727273	0.4236363636	1.3959090909	22/22	0	0.3573108165882856	order	Desulfovibrionales	0	0.3677853783668234	order	Desulfovibrionales
family	Aeromonadaceae	0.9027272727	0.4927272727	1.3954545455	11/11	0	0.0023165446121655954	family	Aeromonadaceae	0	0.0023165446121655954	family	Aeromonadaceae
genus	Treponema	0.9718181818	0.4181818182	1.39	11/11	0	0.018694015318706996	genus	Treponema	5	0.8333116967415293	domain	Bacteria
genus	Geobacter	0.8044444444	0.5844444444	1.3888888889	9/11	0	0.021314387211367674	genus	Geobacter	0	0.021314387211367674	genus	Geobacter
genus	Actinosynnema	0.9885714286	0.3971428571	1.3857142857	7/11	0	0.005767230783776118	genus	Actinosynnema	2	0.3332703034887019	order	Actinomycetales
class	Sphingobacteriia	0.9690909091	0.4161471861	1.3852380952	29/29	0	0.5777757165383545	class	Sphingobacteriia	0	0.5843613764956869	class	Sphingobacteriia
order	Sphingobacteriales	0.9690909091	0.4161471861	1.3852380952	29/29	0	0.22926829268292684	order	Sphingobacteriales	0	0.23121951219512196	order	Sphingobacteriales
genus	Desulfotomaculum	0.8513636364	0.5313636364	1.3827272727	22/22	0	0.013862148633038121	genus	Desulfotomaculum	0	0.015402387370042356	genus	Desulfotomaculum
family	Desulfovibrionaceae	0.9781818182	0.3995454545	1.3777272727	22/22	0	0.017146776406035666	family	Desulfovibrionaceae	0	0.023090992226794695	family	Desulfovibrionaceae
genus	Lentzea	0.9954545455	0.38	1.3754545455	11/11	0	0.005767230783776118	genus	Lentzea	2	0.3332703034887019	order	Actinomycetales
family	Oceanospirillaceae	0.9433333333	0.4222222222	1.3655555556	9/11	0	0.008865451488402308	family	Oceanospirillaceae	0	0.009706140853681837	family	Oceanospirillaceae
genus	Actinokineospora	0.91	0.4544444444	1.3644444444	9/11	0	0.005767230783776118	genus	Actinokineospora	2	0.3332703034887019	order	Actinomycetales
species	Lysobacter concretionis	0.7844444444	0.5777777778	1.3622222222	9/11	0	0.0	genus	Lysobacter	0	0.0	genus	Lysobacter
genus	Thiothrix	0.9311111111	0.43	1.3611111111	9/11	0	0.015932521087160263	genus	Thiothrix	0	0.015932521087160263	genus	Thiothrix
genus	Desulfovibrio	0.9813636364	0.3781818182	1.3595454546	22/22	0	0.011447020839448195	genus	Desulfovibrio	0	0.011447020839448195	genus	Desulfovibrio
family	Spirochaetaceae	0.94	0.4181818182	1.3581818182	11/11	0	0.030078187330461147	family	Spirochaetaceae	4	0.8332535503430668	domain	Bacteria
genus	Chitinophaga	0.9744444444	0.3833333333	1.3577777778	9/11	0	0.018788163457022077	genus	Chitinophaga	0	0.03193987787693753	genus	Chitinophaga
family	Halomonadaceae	0.8909090909	0.4663636364	1.3572727273	11/11	0	0.008865451488402308	family	Halomonadaceae	0	0.009706140853681837	family	Halomonadaceae
genus	Salegentibacter	0.9972727273	0.3590909091	1.3563636364	11/11	0	0.01335241886784013	genus	Salegentibacter	0	0.01335241886784013	genus	Salegentibacter
species	Clostridium intestinale	0.93	0.4228571429	1.3528571429	7/11	2	0.3333333333333333	order	Clostridiales	2	0.3333333333333333	order	Clostridiales
genus	Pedobacter	0.9334343434	0.4168686869	1.3503030303	20/22	0	0.01626244217019487	genus	Pedobacter	0	0.01626244217019487	genus	Pedobacter
genus	Vibrio	0.8331818182	0.5168181818	1.35	22/22	0	0.0026463691029856807	genus	Vibrio	0	0.0026463691029856807	genus	Vibrio
genus	Mycoplasma	0.99	0.36	1.35	9/11	0	0.0012200081333875558	genus	Mycoplasma	0	0.0020333468889792597	genus	Mycoplasma
species	Erwinia tracheiphila	0.9988888889	0.3511111111	1.35	9/11	0	0.0	genus	Erwinia	0	0.0	genus	Erwinia
class	Flavobacteriia	0.8641991342	0.4845021645	1.3487012987	29/29	0	0.5777757165383545	class	Flavobacteriia	0	0.5843613764956869	class	Flavobacteriia
family	Phyllobacteriaceae	0.8809090909	0.4677272727	1.3486363636	22/22	0	0.02154957352277317	family	Phyllobacteriaceae	0	0.022642495663950202	family	Phyllobacteriaceae
family	Chitinophagaceae	0.9677777778	0.3773015873	1.3450793651	16/18	0	0.03613990892355392	family	Chitinophagaceae	0	0.03885282433872687	family	Chitinophagaceae
phylum	Spirochaetes	0.9209090909	0.4209090909	1.3418181818	11/11	1	0.7544870191525477	domain	Bacteria	1	0.7560436037969981	domain	Bacteria
class	Spirochaetia	0.9209090909	0.4209090909	1.3418181818	11/11	2	0.4002333722287048	domain	Bacteria	2	0.8308051341890315	domain	Bacteria
order	Spirochaetales	0.9209090909	0.4209090909	1.3418181818	11/11	0	0.2957339117859725	order	Spirochaetales	3	0.8322487346348517	domain	Bacteria
family	Peptococcaceae	0.7845454545	0.5563636364	1.3409090909	22/22	0	0.16949572543674885	family	Peptococcaceae	0	0.21732127369594845	family	Peptococcaceae
genus	Gelidibacter	0.9911111111	0.3488888889	1.34	9/11	0	0.01335241886784013	genus	Gelidibacter	0	0.01335241886784013	genus	Gelidibacter
genus	Prauserella	0.9944444444	0.3433333333	1.3377777778	9/11	0	0.005767230783776118	genus	Prauserella	2	0.3332703034887019	order	Actinomycetales
family	Geodermatophilaceae	0.9009090909	0.4354545455	1.3363636364	11/11	0	0.014676822006726604	family	Geodermatophilaceae	1	0.3306799890071061	order	Actinomycetales
family	Thiotrichaceae	0.8977777778	0.4377777778	1.3355555556	9/11	0	0.030292830696735107	family	Thiotrichaceae	0	0.032312352743184114	family	Thiotrichaceae
order	Mycoplasmatales	0.9918181818	0.3409090909	1.3327272727	11/11	0	0.07953340402969247	order	Mycoplasmatales	0	0.37857900318133614	order	Mycoplasmatales
family	Mycoplasmataceae	0.9918181818	0.3409090909	1.3327272727	11/11	0	0.002025111381125962	family	Mycoplasmataceae	0	0.0028351559335763467	family	Mycoplasmataceae
genus	Streptomyces	0.7881818182	0.5418181818	1.33	11/11	0	0.0012805599272720162	genus	Streptomyces	2	0.3333268164889197	order	Actinomycetales
genus	Actinomadura	0.9711111111	0.3577777778	1.3288888889	9/11	0	0.011400071250445315	genus	Actinomadura	2	0.33309583184894903	order	Actinomycetales
genus	Thermodesulfovibrio	0.9872727273	0.3409090909	1.3281818182	11/11	0	0.006321112515802781	genus	Thermodesulfovibrio	0	0.006321112515802781	genus	Thermodesulfovibrio
species	Aureimonas altamirensis	0.938	0.39	1.328	5/11	0	0.0	genus	Aureimonas	0	0.0	genus	Aureimonas
order	Desulfuromonadales	0.8466666667	0.48	1.3266666667	9/11	0	0.3573108165882856	order	Desulfuromonadales	0	0.3677853783668234	order	Desulfuromonadales
order	Oceanospirillales	0.9354545455	0.3890909091	1.3245454546	11/11	0	0.3345323741007194	order	Oceanospirillales	0	0.344643797157396	order	Oceanospirillales
genus	Acidocella	0.9845454545	0.34	1.3245454546	11/11	0	0.0395434817553448	genus	Acidocella	0	0.0395434817553448	genus	Acidocella
family	Aurantimonadaceae	0.955	0.3677272727	1.3227272727	22/22	0	0.02154957352277317	family	Aurantimonadaceae	0	0.022642495663950202	family	Aurantimonadaceae
family	Geobacteraceae	0.7377777778	0.5844444444	1.3222222222	9/11	0	0.07369196757553427	family	Geobacteraceae	0	0.10464259395725865	family	Geobacteraceae
family	Lachnospiraceae	0.8787373737	0.4426262626	1.3213636364	20/22	0	0.16949572543674885	family	Lachnospiraceae	0	0.21732127369594845	family	Lachnospiraceae
species	Arenimonas donghaensis	0.97	0.3433333333	1.3133333333	6/11	0	0.0	genus	Arenimonas	0	0.0	genus	Arenimonas
genus	Microbacterium	0.8227272727	0.4881818182	1.3109090909	11/11	0	0.011488933053823746	genus	Microbacterium	2	0.3333151833601045	order	Actinomycetales
genus	Halomonas	0.8990909091	0.4118181818	1.3109090909	11/11	0	0.0028545752497753344	genus	Halomonas	0	0.0032774752867790876	genus	Halomonas
genus	Xanthomonas	0.7581818182	0.55	1.3081818182	11/11	0	0.0061715696358773916	genus	Xanthomonas	0	0.0061715696358773916	genus	Xanthomonas
order	Thiotrichales	0.8666666667	0.4411111111	1.3077777778	9/11	0	0.3345323741007194	order	Thiotrichales	0	0.344643797157396	order	Thiotrichales
family	Paenibacillaceae	0.885	0.4218181818	1.3068181818	22/22	0	0.007688498308698243	family	Paenibacillaceae	0	0.01817624791210267	family	Paenibacillaceae
genus	Agromyces	0.9	0.4066666667	1.3066666667	9/11	0	0.011488933053823746	genus	Agromyces	2	0.3333151833601045	order	Actinomycetales
genus	Celeribacter	0.9711111111	0.3355555556	1.3066666667	9/11	0	0.022635353295041294	genus	Celeribacter	0	0.023315093634231725	genus	Celeribacter
genus	Paenibacillus	0.8995454545	0.4063636364	1.3059090909	22/22	0	0.00998629332289015	genus	Paenibacillus	0	0.00998629332289015	genus	Paenibacillus
genus	Stackebrandtia	0.9511111111	0.3544444444	1.3055555556	9/11	0	0.0	genus	Stackebrandtia	2	0.33192389006342493	order	Actinomycetales
genus	Caldanaerobius	0.9928571429	0.3114285714	1.3042857143	7/11	0	0.01051156271899089	genus	Caldanaerobius	0	0.014716187806587245	genus	Caldanaerobius
class	Nitrospira	0.9618181818	0.3409090909	1.3027272727	11/11	0	0.5639097744360902	class	Nitrospira	0	0.5639097744360902	class	Nitrospira
order	Nitrospirales	0.9618181818	0.3409090909	1.3027272727	11/11	0	0.18253968253968253	order	Nitrospirales	0	0.18253968253968253	order	Nitrospirales
family	Nitrospiraceae	0.9618181818	0.3409090909	1.3027272727	11/11	0	0.027090694935217905	family	Nitrospiraceae	0	0.027090694935217905	family	Nitrospiraceae
genus	Brevundimonas	0.9472727273	0.3554545455	1.3027272727	11/11	0	0.007506347278949111	genus	Brevundimonas	0	0.007837509658902748	genus	Brevundimonas
genus	Pseudobutyrivibrio	0.9955555556	0.3066666667	1.3022222222	9/11	0	0.06238380499896715	genus	Pseudobutyrivibrio	0	0.06238380499896715	genus	Pseudobutyrivibrio
genus	Leeuwenhoekiella	0.9209090909	0.3809090909	1.3018181818	11/11	0	0.01335241886784013	genus	Leeuwenhoekiella	0	0.01335241886784013	genus	Leeuwenhoekiella
class	Clostridia	0.8652380952	0.4359307359	1.3011688312	29/29	0	0.49154670237696685	class	Clostridia	0	0.49531302310010045	class	Clostridia
order	Flavobacteriales	0.860995671	0.44004329	1.301038961	29/29	0	0.20441097364174288	order	Flavobacteriales	0	0.20548682087143624	order	Flavobacteriales
phylum	Nitrospirae	0.9590909091	0.3409090909	1.3	11/11	0	0.7544870191525477	phylum	Nitrospirae	0	0.7560436037969981	phylum	Nitrospirae
family	Halobacteroidaceae	0.9709090909	0.3290909091	1.3	11/11	0	0.03571428571428571	family	Halobacteroidaceae	0	0.03571428571428571	family	Halobacteroidaceae
family	Flavobacteriaceae	0.8627272727	0.4361904762	1.2989177489	29/29	0	0.01954786080013885	family	Flavobacteriaceae	0	0.019678035233880065	family	Flavobacteriaceae
genus	Parabacteroides	0.9666666667	0.3311111111	1.2977777778	9/11	0	0.018353434714210803	genus	Parabacteroides	0	0.018353434714210803	genus	Parabacteroides
genus	Megasphaera	0.9888888889	0.3077777778	1.2966666667	9/11	0	0.01007413039346132	genus	Megasphaera	0	0.01007413039346132	genus	Megasphaera
phylum	Tenericutes	0.9096825397	0.3854785955	1.2951611352	27/29	0	0.7544870191525477	phylum	Tenericutes	0	0.7560436037969981	phylum	Tenericutes
class	Mollicutes	0.9096825397	0.3854785955	1.2951611352	27/29	0	0.30256410256410254	class	Mollicutes	0	0.3487179487179487	class	Mollicutes
phylum	Verrucomicrobia	0.9745454545	0.3163636364	1.2909090909	11/11	0	0.7544870191525477	phylum	Verrucomicrobia	0	0.7560436037969981	phylum	Verrucomicrobia
family	Acetobacteraceae	0.9709090909	0.32	1.2909090909	11/11	0	0.03427683246073299	family	Acetobacteraceae	0	0.036240183246073296	family	Acetobacteraceae
genus	Nonlabens	0.9908571429	0.299	1.2898571429	12/18	0	0.01335241886784013	genus	Nonlabens	0	0.01335241886784013	genus	Nonlabens
order	Halanaerobiales	0.9354545455	0.3536363636	1.2890909091	11/11	0	0.21554809843400446	order	Halanaerobiales	0	0.24843400447427294	order	Halanaerobiales
genus	Rhodanobacter	0.8843506494	0.3987662338	1.2831168831	18/18	0	0.0061715696358773916	genus	Rhodanobacter	0	0.0061715696358773916	genus	Rhodanobacter
class	Fibrobacteria	0.9844444444	0.2977777778	1.2822222222	9/11	0	0.3918918918918919	class	Fibrobacteria	0	0.3918918918918919	class	Fibrobacteria
order	Fibrobacterales	0.9844444444	0.2977777778	1.2822222222	9/11	0	0.1	order	Fibrobacterales	0	0.1	order	Fibrobacterales
family	Fibrobacteraceae	0.9844444444	0.2977777778	1.2822222222	9/11	0	0.05263157894736842	family	Fibrobacteraceae	0	0.05263157894736842	family	Fibrobacteraceae
genus	Fibrobacter	0.9844444444	0.2977777778	1.2822222222	9/11	0	0.02127659574468085	genus	Fibrobacter	0	0.02127659574468085	genus	Fibrobacter
genus	Oceanospirillum	0.988	0.29	1.278	5/11	0	0.023393544566183002	genus	Oceanospirillum	0	0.023985786200769913	genus	Oceanospirillum
genus	Promicromonospora	0.9436805556	0.3343055556	1.2779861111	17/22	0	0.003198720511795282	genus	Promicromonospora	2	0.33306677329068374	order	Actinomycetales
genus	Pelomonas	0.99	0.2877777778	1.2777777778	9/11	0	0.010445024723595755	genus	Pelomonas	0	0.010445024723595755	genus	Pelomonas
species	Pelomonas sp. JGI 001013-K11	0.99	0.2877777778	1.2777777778	9/11	0	0.0	genus	Pelomonas	0	0.0	genus	Pelomonas
family	Verrucomicrobiaceae	0.99	0.2872727273	1.2772727273	11/11	0	0.12304250559284116	family	Verrucomicrobiaceae	0	0.14429530201342283	family	Verrucomicrobiaceae
phylum	Fibrobacteres	0.9755555556	0.2977777778	1.2733333333	9/11	0	0.7544870191525477	phylum	Fibrobacteres	0	0.7560436037969981	phylum	Fibrobacteres
class	Verrucomicrobiae	0.9836363636	0.2872727273	1.2709090909	11/11	0	0.6397934868943606	class	Verrucomicrobiae	0	0.6455520254169976	class	Verrucomicrobiae
order	Verrucomicrobiales	0.9836363636	0.2872727273	1.2709090909	11/11	0	0.2348008385744235	order	Verrucomicrobiales	0	0.24109014675052412	order	Verrucomicrobiales
genus	Algoriphagus	0.9872727273	0.2836363636	1.2709090909	11/11	0	0.016680567139282735	genus	Algoriphagus	0	0.016680567139282735	genus	Algoriphagus
class	Bacteroidia	0.7518181818	0.5186363636	1.2704545455	22/22	0	0.5777757165383545	class	Bacteroidia	0	0.5843613764956869	class	Bacteroidia
order	Bacteroidales	0.7518181818	0.5186363636	1.2704545455	22/22	0	0.18444444444444444	order	Bacteroidales	0	0.20177777777777778	order	Bacteroidales
genus	Curtobacterium	0.7723484848	0.498030303	1.2703787879	17/22	0	0.011488933053823746	genus	Curtobacterium	2	0.3333151833601045	order	Actinomycetales
genus	Bosea	0.9861111111	0.2841919192	1.2703030303	20/22	0	0.0066946610677864424	genus	Bosea	0	0.0066946610677864424	genus	Bosea
family	Nocardioidaceae	0.885	0.3845454545	1.2695454546	22/22	0	0.014676822006726604	family	Nocardioidaceae	1	0.3306799890071061	order	Actinomycetales
genus	Rubritalea	0.9166666667	0.3511111111	1.2677777778	9/11	0	0.035058430717863104	genus	Rubritalea	1	0.05676126878130217	family	Verrucomicrobiaceae
species	Lactobacillus paralimentarius	0.9983333333	0.2666666667	1.265	6/11	0	0.0	genus	Lactobacillus	0	0.0	genus	Lactobacillus
genus	Sphingopyxis	0.9518181818	0.3118181818	1.2636363636	11/11	0	0.011763734676187725	genus	Sphingopyxis	0	0.011763734676187725	genus	Sphingopyxis
species	Thalassobacter stenotrophicus	0.9866666667	0.2755555556	1.2622222222	9/11	1	0.16666666666666666	family	Rhodobacteraceae	1	0.16666666666666666	family	Rhodobacteraceae
genus	Mesorhizobium	0.7209090909	0.5336363636	1.2545454546	11/11	0	0.004080607696653902	genus	Mesorhizobium	0	0.004080607696653902	genus	Mesorhizobium
order	Clostridiales	0.8517316017	0.4001731602	1.2519047619	29/29	0	0.21554809843400446	order	Clostridiales	0	0.24843400447427294	order	Clostridiales
genus	Nocardioides	0.9445454545	0.2972727273	1.2418181818	11/11	0	0.012858710992629764	genus	Nocardioides	2	0.3332287909675396	order	Actinomycetales
family	Fusobacteriaceae	0.9345454545	0.3	1.2345454546	11/11	0	0.006165228113440197	family	Fusobacteriaceae	0	0.006165228113440197	family	Fusobacteriaceae
phylum	Fusobacteria	0.9263636364	0.3036363636	1.23	11/11	0	0.7544870191525477	phylum	Fusobacteria	0	0.7560436037969981	phylum	Fusobacteria
class	Fusobacteriia	0.9263636364	0.3036363636	1.23	11/11	0	0.4954128440366973	class	Fusobacteriia	0	0.4954128440366973	class	Fusobacteriia
order	Fusobacteriales	0.9263636364	0.3036363636	1.23	11/11	0	0.08849557522123894	order	Fusobacteriales	0	0.08849557522123894	order	Fusobacteriales
family	Glycomycetaceae	0.8611111111	0.3677777778	1.2288888889	9/11	0	0.014676822006726604	family	Glycomycetaceae	1	0.3306799890071061	order	Actinomycetales
order	Neisseriales	0.7822354497	0.4453505291	1.2275859788	24/29	0	0.2737158448337222	order	Neisseriales	0	0.3361936019613271	order	Neisseriales
family	Bradyrhizobiaceae	0.8913636364	0.335	1.2263636364	22/22	0	0.02154957352277317	family	Bradyrhizobiaceae	0	0.022642495663950202	family	Bradyrhizobiaceae
family	Promicromonosporaceae	0.8035858586	0.4137373737	1.2173232323	20/22	0	0.014676822006726604	family	Promicromonosporaceae	1	0.3306799890071061	order	Actinomycetales
family	Desulfobulbaceae	0.9566666667	0.2588888889	1.2155555556	9/11	0	0.05898585719213522	family	Desulfobulbaceae	0	0.06002069679199724	family	Desulfobulbaceae
genus	Massilia	0.9059090909	0.3081818182	1.2140909091	22/22	0	0.014858557957900753	genus	Massilia	0	0.014858557957900753	genus	Massilia
family	Peptoniphilaceae	0.8309090909	0.3790909091	1.21	11/11	1	0.16949572543674885	order	Clostridiales	1	0.21732127369594845	order	Clostridiales
family	Neisseriaceae	0.7690972222	0.4408333333	1.2099305556	17/22	0	0.00737221494102228	family	Neisseriaceae	0	0.20429226736566186	family	Neisseriaceae
family	Enterococcaceae	0.7973737374	0.4092929293	1.2066666667	20/22	0	0.007814195789016714	family	Enterococcaceae	0	0.008221185153028	family	Enterococcaceae
species	Sphingomonas wittichii	0.8577777778	0.3488888889	1.2066666667	9/11	0	0.0	genus	Sphingomonas	0	0.0	genus	Sphingomonas
genus	Roseomonas	0.9809090909	0.22	1.2009090909	11/11	0	0.0395434817553448	genus	Roseomonas	0	0.0395434817553448	genus	Roseomonas
genus	Devosia	0.9883333333	0.2116666667	1.2	6/11	0	0.007134810364250845	genus	Devosia	0	0.00938790837401427	genus	Devosia
genus	Mesonia	0.9833333333	0.2155555556	1.1988888889	9/11	0	0.01335241886784013	genus	Mesonia	0	0.01335241886784013	genus	Mesonia
family	Hyphomicrobiaceae	0.9863636364	0.2018181818	1.1881818182	11/11	0	0.02154957352277317	family	Hyphomicrobiaceae	0	0.022642495663950202	family	Hyphomicrobiaceae
family	Syntrophobacteraceae	0.9771428571	0.2042857143	1.1814285714	7/11	0	0.0994052676295667	family	Syntrophobacteraceae	0	0.12999150382327954	family	Syntrophobacteraceae
genus	Ensifer	0.9872727273	0.19	1.1772727273	11/11	0	0.050013631819696466	genus	Ensifer	0	0.051558571385295814	genus	Ensifer
genus	Prevotella	0.6586931818	0.5181818182	1.176875	19/22	0	0.006587072869493619	genus	Prevotella	0	0.006587072869493619	genus	Prevotella
class	Cytophagia	0.9095454545	0.2659090909	1.1754545455	22/22	0	0.5777757165383545	class	Cytophagia	0	0.5843613764956869	class	Cytophagia
order	Cytophagales	0.9095454545	0.2659090909	1.1754545455	22/22	0	0.12342007434944238	order	Cytophagales	0	0.1382899628252788	order	Cytophagales
family	Prevotellaceae	0.6463636364	0.5214204545	1.1677840909	19/22	0	0.042930116291707426	family	Prevotellaceae	0	0.05542875774372351	family	Prevotellaceae
genus	Maribacter	0.8933333333	0.2722222222	1.1655555556	9/11	0	0.01335241886784013	genus	Maribacter	0	0.01335241886784013	genus	Maribacter
genus	Erwinia	0.8254545455	0.3390909091	1.1645454546	11/11	0	0.028906157235774502	genus	Erwinia	0	0.028906157235774502	genus	Erwinia
genus	Kaistia	0.7688888889	0.3955555556	1.1644444444	9/11	0	0.050013631819696466	genus	Kaistia	0	0.051558571385295814	genus	Kaistia
genus	Salinicoccus	0.9770454545	0.1864204545	1.1634659091	19/22	0	0.005603002774302345	genus	Salinicoccus	0	0.005603002774302345	genus	Salinicoccus
genus	Aeromicrobium	0.9357575758	0.2238888889	1.1596464647	20/22	0	0.012858710992629764	genus	Aeromicrobium	2	0.3332287909675396	order	Actinomycetales
genus	Duganella	0.6322222222	0.5188888889	1.1511111111	9/11	0	0.014858557957900753	genus	Duganella	0	0.014858557957900753	genus	Duganella
family	Staphylococcaceae	0.8640909091	0.2868181818	1.1509090909	22/22	0	0.007688498308698243	family	Staphylococcaceae	0	0.01817624791210267	family	Staphylococcaceae
genus	Burkholderia	0.6445454545	0.5063636364	1.1509090909	11/11	1	0.13223449209721477	family	Burkholderiaceae	1	0.13230453155277472	family	Burkholderiaceae
genus	Larkinella	1	0.15	1.15	1/11	0	0.021514205945146987	genus	Larkinella	0	0.02414189522089013	genus	Larkinella
species	Larkinella arboricola	1	0.15	1.15	1/11	0	0.0	genus	Larkinella	0	0.0	genus	Larkinella
species	Leeuwenhoekiella marinoflava	0.9971428571	0.1514285714	1.1485714286	7/11	0	0.0	genus	Leeuwenhoekiella	0	0.0	genus	Leeuwenhoekiella
genus	Desulfacinum	1	0.1471428571	1.1471428571	7/11	0	0.08235294117647059	genus	Desulfacinum	0	0.08235294117647059	genus	Desulfacinum
species	Megasphaera paucivorans	1	0.145	1.145	2/11	0	0.0	genus	Megasphaera	0	0.0	genus	Megasphaera
genus	Bradyrhizobium	0.6390909091	0.5054545455	1.1445454546	11/11	0	0.0066946610677864424	genus	Bradyrhizobium	0	0.0066946610677864424	genus	Bradyrhizobium
genus	Enterovibrio	0.9722222222	0.1688888889	1.1411111111	9/11	0	0.0026463691029856807	genus	Enterovibrio	0	0.0026463691029856807	genus	Enterovibrio
genus	Chryseobacterium	0.8768636364	0.2616818182	1.1385454546	21/22	0	0.01335241886784013	genus	Chryseobacterium	0	0.01335241886784013	genus	Chryseobacterium
genus	Sporacetigenium	0.985	0.15	1.135	2/11	0	0.08195542774982027	genus	Sporacetigenium	0	0.08195542774982027	genus	Sporacetigenium
species	Sporacetigenium mesophilum	0.985	0.15	1.135	2/11	0	0.0	genus	Sporacetigenium	0	0.0	genus	Sporacetigenium
genus	Soehngenia	1	0.1342857143	1.1342857143	7/11	0	0.021961932650073207	genus	Soehngenia	2	0.3323572474377745	order	Clostridiales
species	Soehngenia saccharolytica	1	0.1342857143	1.1342857143	7/11	0	0.0	genus	Soehngenia	2	0.3333333333333333	order	Clostridiales
family	Cytophagaceae	0.8995454545	0.2304545455	1.13	22/22	0	0.018883225208526415	family	Cytophagaceae	0	0.045759962928637626	family	Cytophagaceae
genus	Anaerosphaera	1	0.13	1.13	2/11	0	7.830853563038371E-4	genus	Anaerosphaera	2	0.3328112764291308	order	Clostridiales
species	Anaerosphaera aminiphila	1	0.13	1.13	2/11	0	0.0	genus	Anaerosphaera	2	0.3333333333333333	order	Clostridiales
genus	Afifella	0.934	0.194	1.128	5/11	0	0.002881844380403458	genus	Afifella	0	0.02881844380403458	genus	Afifella
family	Erythrobacteraceae	0.81	0.3177777778	1.1277777778	9/11	0	0.013563283518662796	family	Erythrobacteraceae	0	0.013563283518662796	family	Erythrobacteraceae
species	Desulfacinum hydrothermale	0.9533333333	0.1683333333	1.1216666667	6/11	0	0.0	genus	Desulfacinum	0	0.0	genus	Desulfacinum
species	Lentzea albidocapillata	0.6972727273	0.4227272727	1.12	11/11	0	0.0	genus	Lentzea	2	0.3333333333333333	order	Actinomycetales
genus	Aureimonas	0.7711111111	0.3388888889	1.11	9/11	0	0.0022396416573348264	genus	Aureimonas	0	0.0022396416573348264	genus	Aureimonas
genus	Modestobacter	0.7811111111	0.3166666667	1.0977777778	9/11	0	0.02016498625114574	genus	Modestobacter	2	0.3327222731439047	order	Actinomycetales
species	Clostridium proteolyticum	1	0.0933333333	1.0933333333	3/11	2	0.3333333333333333	order	Clostridiales	2	0.3333333333333333	order	Clostridiales
family	Marinilabiliaceae	0.7645454545	0.3254545455	1.09	11/11	1	0.042930116291707426	order	Bacteroidales	1	0.05542875774372351	order	Bacteroidales
family	Burkholderiaceae	0.5690909091	0.5190909091	1.0881818182	11/11	0	0.07337957698430748	family	Burkholderiaceae	0	0.09037980441209915	family	Burkholderiaceae
species	Nonlabens ulvanivorans	0.86	0.21	1.07	5/11	0	0.0	genus	Nonlabens	0	0.0	genus	Nonlabens
genus	Kitasatospora	0.8977777778	0.1566666667	1.0544444444	9/11	0	0.0012805599272720162	genus	Kitasatospora	2	0.3333268164889197	order	Actinomycetales
family	Pelobacteraceae	0.8166666667	0.2355555556	1.0522222222	9/11	1	0.07369196757553427	order	Desulfuromonadales	1	0.10464259395725865	order	Desulfuromonadales
order	Rhodocyclales	0.7754545455	0.2654545455	1.0409090909	11/11	0	0.2737158448337222	order	Rhodocyclales	0	0.3361936019613271	order	Rhodocyclales
family	Rhodocyclaceae	0.7754545455	0.2654545455	1.0409090909	11/11	0	0.03439878234398782	family	Rhodocyclaceae	0	0.03439878234398782	family	Rhodocyclaceae
species	Thermosipho atlanticus	1	0.04	1.04	1/11	0	0.0	genus	Thermosipho	1	0.16666666666666666	family	Thermotogaceae
genus	Arenibacter	0.8736363636	0.1654545455	1.0390909091	11/11	0	0.01335241886784013	genus	Arenibacter	0	0.01335241886784013	genus	Arenibacter
genus	Altererythrobacter	1	0.03	1.03	1/11	0	0.00942161737764983	genus	Altererythrobacter	0	0.00942161737764983	genus	Altererythrobacter
genus	Parasporobacterium	1	0.03	1.03	1/11	0	0.06238380499896715	genus	Parasporobacterium	0	0.06238380499896715	genus	Parasporobacterium
species	Desulfotomaculum putei	1	0.03	1.03	1/11	0	0.0	genus	Desulfotomaculum	0	0.0	genus	Desulfotomaculum
species	Parasporobacterium paucivorans	1	0.03	1.03	1/11	0	0.0	genus	Parasporobacterium	0	0.0	genus	Parasporobacterium
species	Marinitoga hydrogenitolerans	1	0.03	1.03	1/11	0	0.0	genus	Marinitoga	1	0.16666666666666666	family	Thermotogaceae
species	Flavobacterium lindanitolerans	1	0.0275	1.0275	4/11	0	0.0	genus	Flavobacterium	0	0.0	genus	Flavobacterium
genus	Fontibacter	1	0.02	1.02	1/11	0	0.016680567139282735	genus	Fontibacter	0	0.016680567139282735	genus	Fontibacter
genus	Thermosyntropha	1	0.02	1.02	1/11	0	0.0668693009118541	genus	Thermosyntropha	0	0.0668693009118541	genus	Thermosyntropha
species	Salegentibacter salarius	1	0.02	1.02	1/11	0	0.0	genus	Salegentibacter	0	0.0	genus	Salegentibacter
species	Cetobacterium ceti	0.99	0.03	1.02	1/11	0	0.0	genus	Cetobacterium	0	0.0	genus	Cetobacterium
genus	Rathayibacter	0.9385714286	0.0728571429	1.0114285714	7/11	0	0.011488933053823746	genus	Rathayibacter	2	0.3333151833601045	order	Actinomycetales
species	Albidovulum inexpectatum	1	0.01	1.01	1/11	0	0.0	genus	Albidovulum	0	0.0	genus	Albidovulum
species	Hespellia stercorisuis	1	0.01	1.01	1/11	0	0.0	genus	Hespellia	0	0.0	genus	Hespellia
species	Propionigenium maris	1	0.01	1.01	1/11	0	0.0	genus	Propionigenium	0	0.0	genus	Propionigenium
species	Kingella potus	1	0.01	1.01	1/11	0	0.0	genus	Kingella	0	0.0	genus	Kingella
species	Mycoplasma testudineum	1	0.01	1.01	6/11	0	0.0	genus	Mycoplasma	0	0.0	genus	Mycoplasma
order	Syntrophobacterales	0.853	0.152	1.005	10/11	0	0.3573108165882856	order	Syntrophobacterales	0	0.3677853783668234	order	Syntrophobacterales
genus	Hespellia	1	0.005	1.005	2/11	0	0.06238380499896715	genus	Hespellia	0	0.06238380499896715	genus	Hespellia
genus	Desulfobotulus	1	0.0033333333	1.0033333333	6/11	0	0.03562753036437247	genus	Desulfobotulus	0	0.03805668016194332	genus	Desulfobotulus
species	Desulfobotulus sapovorans	1	0.0033333333	1.0033333333	6/11	0	0.0	genus	Desulfobotulus	0	0.0	genus	Desulfobotulus
species	Mycoplasma verecundum	1	0.0033333333	1.0033333333	6/11	0	0.0	genus	Mycoplasma	0	0.0	genus	Mycoplasma
species	Desulfotomaculum aeronauticum	1	0.0025	1.0025	4/11	0	0.0	genus	Desulfotomaculum	0	0.0	genus	Desulfotomaculum
species	Brenneria alni	1	0.002	1.002	5/11	0	0.0	genus	Brenneria	0	0.0	genus	Brenneria
family	Peptostreptococcaceae	0.6601731602	0.3417316017	1.0019047619	29/29	0	0.16949572543674885	family	Peptostreptococcaceae	0	0.21732127369594845	family	Peptostreptococcaceae
genus	Malonomonas	1	0.0016666667	1.0016666667	6/11	0	0.021897810218978103	genus	Malonomonas	2	0.3284671532846715	order	Desulfuromonadales
species	Malonomonas rubra	1	0.0016666667	1.0016666667	6/11	0	0.0	genus	Malonomonas	2	0.3333333333333333	order	Desulfuromonadales
species	Fibrobacter intestinalis	1	0.0016666667	1.0016666667	6/11	0	0.0	genus	Fibrobacter	0	0.0	genus	Fibrobacter
genus	Prosthecobacter	1	0	1	6/11	0	0.035058430717863104	genus	Prosthecobacter	0	0.05676126878130217	genus	Prosthecobacter
genus	Desulfopila	1	0	1	6/11	0	0.06443461781427669	genus	Desulfopila	0	0.06443461781427669	genus	Desulfopila
genus	Arcicella	1	0	1	1/11	0	0.021514205945146987	genus	Arcicella	0	0.02414189522089013	genus	Arcicella
genus	Yonghaparkia	1	0	1	1/11	0	0.011488933053823746	genus	Yonghaparkia	2	0.3333151833601045	order	Actinomycetales
genus	Desulforhopalus	1	0	1	2/11	0	0.06443461781427669	genus	Desulforhopalus	0	0.06443461781427669	genus	Desulforhopalus
genus	Alkalitalea	1	0	1	1/11	0	0.015706806282722512	genus	Alkalitalea	2	0.3298429319371728	order	Bacteroidales
genus	Hwanghaeicola	1	0	1	1/11	0	0.022635353295041294	genus	Hwanghaeicola	0	0.023315093634231725	genus	Hwanghaeicola
genus	Propionivibrio	1	0	1	1/11	0	0.022503961965134708	genus	Propionivibrio	0	0.022503961965134708	genus	Propionivibrio
genus	Sporobacter	1	0	1	1/11	0	0.0980653769179453	genus	Sporobacter	0	0.0980653769179453	genus	Sporobacter
genus	Geosporobacter	1	0	1	1/11	0	0.3004484304932735	genus	Geosporobacter	2	0.333282663221099	order	Clostridiales
genus	Selenihalanaerobacter	1	0	1	1/11	0	0.02622950819672131	genus	Selenihalanaerobacter	0	0.02622950819672131	genus	Selenihalanaerobacter
genus	Alkalibacter	1	0	1	1/11	0	0.012506513809275664	genus	Alkalibacter	0	0.012506513809275664	genus	Alkalibacter
genus	Atopostipes	1	0	1	1/11	0	0.005378568473314025	genus	Atopostipes	0	0.005378568473314025	genus	Atopostipes
species	Nocardia amikacinitolerans	1	0	1	5/11	0	0.0	genus	Nocardia	2	0.3333333333333333	order	Actinomycetales
species	Azotobacter beijerinckii	1	0	1	5/11	0	0.0	genus	Azotobacter	0	0.0	genus	Azotobacter
species	Salegentibacter salegens	1	0	1	6/11	0	0.0	genus	Salegentibacter	0	0.0	genus	Salegentibacter
species	Dyadobacter ginsengisoli	1	0	1	1/11	0	0.0	genus	Dyadobacter	0	0.0	genus	Dyadobacter
species	Actinomadura glauciflava	1	0	1	1/11	0	0.0	genus	Actinomadura	2	0.3333333333333333	order	Actinomycetales
species	Mesonia algae	1	0	1	1/11	0	0.0	genus	Mesonia	0	0.0	genus	Mesonia
species	Actinokineospora diospyrosa	1	0	1	1/11	0	0.0	genus	Actinokineospora	2	0.3333333333333333	order	Actinomycetales
species	Roseomonas lacus	1	0	1	1/11	0	0.0	genus	Roseomonas	0	0.0	genus	Roseomonas
species	Roseomonas vinacea	1	0	1	1/11	0	0.0	genus	Roseomonas	0	0.0	genus	Roseomonas
species	uncultured Herbaspirillum sp.	1	0	1	1/11	0	0.0	genus	Herbaspirillum	0	0.0	genus	Herbaspirillum
species	Chitinophaga skermanii	1	0	1	1/11	0	0.0	genus	Chitinophaga	0	0.0	genus	Chitinophaga
species	Desulfopila aestuarii	1	0	1	6/11	0	0.0	genus	Desulfopila	0	0.0	genus	Desulfopila
species	Arcicella aurantiaca	1	0	1	1/11	0	0.0	genus	Arcicella	0	0.0	genus	Arcicella
species	Prosthecobacter fusiformis	1	0	1	1/11	0	0.0	genus	Prosthecobacter	0	0.0	genus	Prosthecobacter
species	Desulfitobacterium chlororespirans	1	0	1	5/11	0	0.0	genus	Desulfitobacterium	0	0.0	genus	Desulfitobacterium
species	Methylobacterium komagatae	1	0	1	1/11	0	0.0	genus	Methylobacterium	0	0.0	genus	Methylobacterium
species	Vibrio porteresiae	1	0	1	2/11	0	0.0	genus	Vibrio	0	0.0	genus	Vibrio
species	[Clostridium] xylanovorans	1	0	1	1/11	0	0.0	genus	Lachnoclostridium	0	0.0	genus	Lachnoclostridium
species	Roseomonas rosea	1	0	1	1/11	0	0.0	genus	Roseomonas	0	0.0	genus	Roseomonas
species	Arenibacter troitsensis	1	0	1	1/11	0	0.0	genus	Arenibacter	0	0.0	genus	Arenibacter
species	Yonghaparkia alkaliphila	1	0	1	1/11	0	0.0	genus	Yonghaparkia	2	0.3333333333333333	order	Actinomycetales
species	Arenibacter echinorum	1	0	1	1/11	0	0.0	genus	Arenibacter	0	0.0	genus	Arenibacter
species	Enterovibrio nigricans	1	0	1	5/11	0	0.0	genus	Enterovibrio	0	0.0	genus	Enterovibrio
species	Desulforhopalus singaporensis	1	0	1	2/11	0	0.0	genus	Desulforhopalus	0	0.0	genus	Desulforhopalus
species	Clostridium cavendishii	1	0	1	1/11	2	0.3333333333333333	order	Clostridiales	2	0.3333333333333333	order	Clostridiales
species	Desulfofustis glycolicus	1	0	1	6/11	0	0.0	genus	Desulfofustis	0	0.0	genus	Desulfofustis
species	Gemmobacter changlensis	1	0	1	5/11	0	0.0	genus	Gemmobacter	0	0.0	genus	Gemmobacter
species	Algoriphagus alkaliphilus	1	0	1	1/11	0	0.0	genus	Algoriphagus	0	0.0	genus	Algoriphagus
species	Hymenobacter psychrotolerans	1	0	1	1/11	0	0.0	genus	Hymenobacter	0	0.0	genus	Hymenobacter
species	Marivirga sericea	1	0	1	4/11	0	0.0	genus	Marivirga	0	0.0	genus	Marivirga
species	Williamsia serinedens	1	0	1	1/11	0	0.0	genus	Williamsia	2	0.3333333333333333	order	Actinomycetales
species	Alkalitalea saponilacus	1	0	1	1/11	0	0.0	genus	Alkalitalea	2	0.3333333333333333	order	Bacteroidales
species	Hwanghaeicola aestuarii	1	0	1	1/11	0	0.0	genus	Hwanghaeicola	0	0.0	genus	Hwanghaeicola
species	Hymenobacter daecheongensis	1	0	1	1/11	0	0.0	genus	Hymenobacter	0	0.0	genus	Hymenobacter
species	Pseudomonas xiamenensis	1	0	1	4/11	0	0.0	genus	Pseudomonas	0	0.0	genus	Pseudomonas
species	Propionivibrio pelophilus	1	0	1	1/11	0	0.0	genus	Propionivibrio	0	0.0	genus	Propionivibrio
species	Sporobacter termitidis	1	0	1	1/11	0	0.0	genus	Sporobacter	0	0.0	genus	Sporobacter
species	Thiothrix eikelboomii	1	0	1	5/11	0	0.0	genus	Thiothrix	0	0.0	genus	Thiothrix
species	Clostridium acidisoli	1	0	1	1/11	2	0.3333333333333333	order	Clostridiales	2	0.3333333333333333	order	Clostridiales
species	Afifella marina	1	0	1	5/11	0	0.0	genus	Afifella	0	0.0	genus	Afifella
species	Halomonas ilicicola	1	0	1	1/11	0	0.0	genus	Halomonas	0	0.0	genus	Halomonas
species	Cellulophaga fucicola	1	0	1	5/11	0	0.0	genus	Cellulophaga	0	0.0	genus	Cellulophaga
species	Celeribacter halophilus	1	0	1	2/11	0	0.0	genus	Celeribacter	0	0.0	genus	Celeribacter
species	Geosporobacter subterraneus	1	0	1	1/11	0	0.0	genus	Geosporobacter	2	0.3333333333333333	order	Clostridiales
species	Salegentibacter mishustinae	1	0	1	1/11	0	0.0	genus	Salegentibacter	0	0.0	genus	Salegentibacter
species	Leifsonia sp. MN6-25	1	0	1	1/11	0	0.0	genus	Leifsonia	2	0.3333333333333333	order	Actinomycetales
species	Desulfovibrio marinisediminis	1	0	1	1/11	0	0.0	genus	Desulfovibrio	0	0.0	genus	Desulfovibrio
species	Aquamicrobium aerolatum	1	0	1	1/11	0	0.0	genus	Aquamicrobium	0	0.0	genus	Aquamicrobium
species	Salegentibacter holothuriorum	1	0	1	1/11	0	0.0	genus	Salegentibacter	0	0.0	genus	Salegentibacter
species	Geobacter thiogenes	1	0	1	2/11	0	0.0	genus	Geobacter	0	0.0	genus	Geobacter
species	Desulfovibrio idahonensis	1	0	1	1/11	0	0.0	genus	Desulfovibrio	0	0.0	genus	Desulfovibrio
species	Cellulophaga tyrosinoxydans	1	0	1	1/11	0	0.0	genus	Cellulophaga	0	0.0	genus	Cellulophaga
species	Oceanospirillum multiglobuliferum	1	0	1	5/11	0	0.0	genus	Oceanospirillum	0	0.0	genus	Oceanospirillum
species	Clostridium collagenovorans	1	0	1	1/11	2	0.3333333333333333	order	Clostridiales	2	0.3333333333333333	order	Clostridiales
species	Pseudobutyrivibrio xylanivorans	1	0	1	5/11	0	0.0	genus	Pseudobutyrivibrio	0	0.0	genus	Pseudobutyrivibrio
species	Comamonas nitrativorans	1	0	1	4/11	0	0.0	genus	Comamonas	0	0.0	genus	Comamonas
species	Azomonas agilis	1	0	1	4/11	0	0.0	genus	Azomonas	0	0.0	genus	Azomonas
species	Tissierella praeacuta	1	0	1	1/11	0	0.0	genus	Tissierella	2	0.3333333333333333	order	Clostridiales
species	Lysobacter spongiicola	1	0	1	1/11	0	0.0	genus	Lysobacter	0	0.0	genus	Lysobacter
species	Pseudomonas pertucinogena	1	0	1	6/11	0	0.0	genus	Pseudomonas	0	0.0	genus	Pseudomonas
species	Pseudoxanthomonas taiwanensis	1	0	1	1/11	0	0.0	genus	Pseudoxanthomonas	0	0.0	genus	Pseudoxanthomonas
species	Porphyrobacter sanguineus	1	0	1	2/11	0	0.0	genus	Porphyrobacter	0	0.0	genus	Porphyrobacter
species	Selenihalanaerobacter shriftii	1	0	1	1/11	0	0.0	genus	Selenihalanaerobacter	0	0.0	genus	Selenihalanaerobacter
species	Eubacterium ruminantium	1	0	1	6/11	0	0.0	genus	Eubacterium	0	0.0	genus	Eubacterium
species	Desulfovibrio litoralis	1	0	1	6/11	0	0.0	genus	Desulfovibrio	0	0.0	genus	Desulfovibrio
species	Treponema berlinense	1	0	1	1/11	0	0.0	genus	Treponema	5	0.8333333333333334	domain	Bacteria
species	Lactobacillus nagelii	1	0	1	5/11	0	0.0	genus	Lactobacillus	0	0.0	genus	Lactobacillus
species	Alkalibacter saccharofermentans	1	0	1	1/11	0	0.0	genus	Alkalibacter	0	0.0	genus	Alkalibacter
species	Thermosyntropha lipolytica	1	0	1	1/11	0	0.0	genus	Thermosyntropha	0	0.0	genus	Thermosyntropha
species	Atopostipes suicloacalis	1	0	1	1/11	0	0.0	genus	Atopostipes	0	0.0	genus	Atopostipes
species	Porphyromonas circumdentaria	1	0	1	1/11	0	0.0	genus	Porphyromonas	0	0.0	genus	Porphyromonas
species	Campylobacter helveticus	1	0	1	6/11	0	0.0	genus	Campylobacter	0	0.0	genus	Campylobacter
species	Lactobacillus lindneri	1	0	1	4/11	0	0.0	genus	Lactobacillus	0	0.0	genus	Lactobacillus
species	Mycoplasma agassizii	1	0	1	5/11	0	0.0	genus	Mycoplasma	0	0.0	genus	Mycoplasma
genus	Frigoribacterium	0.998	0	0.998	5/11	0	0.011488933053823746	genus	Frigoribacterium	2	0.3333151833601045	order	Actinomycetales
species	Fervidobacterium gondwanense	0.998	0	0.998	5/11	0	0.0	genus	Fervidobacterium	1	0.16666666666666666	family	Thermotogaceae
family	Carnobacteriaceae	0.8388888889	0.1588888889	0.9977777778	9/11	0	0.007814195789016714	family	Carnobacteriaceae	0	0.008221185153028	family	Carnobacteriaceae
species	Cytophaga xylanolytica	0.99	0	0.99	5/11	0	0.0	genus	Cytophaga	0	0.0	genus	Cytophaga
family	Clostridiales Family XI. Incertae Sedis	0.9066666667	0.0822222222	0.9888888889	9/11	1	0.16949572543674885	order	Clostridiales	1	0.21732127369594845	order	Clostridiales
genus	Sphingobacterium	0.6745454545	0.3131818182	0.9877272727	22/22	0	0.01626244217019487	genus	Sphingobacterium	0	0.01626244217019487	genus	Sphingobacterium
family	Clostridiaceae	0.6686147186	0.3158008658	0.9844155844	29/29	1	0.16949572543674885	order	Clostridiales	1	0.21732127369594845	order	Clostridiales
species	Azoarcus communis	0.984	0	0.984	5/11	0	0.0	genus	Azoarcus	0	0.0	genus	Azoarcus
species	Sphingobacterium multivorum	0.976	0	0.976	5/11	0	0.0	genus	Sphingobacterium	0	0.0	genus	Sphingobacterium
species	Thermoanaerobacter uzonensis	0.974	0	0.974	5/11	0	0.0	genus	Thermoanaerobacter	0	0.0	genus	Thermoanaerobacter
species	Chitinophaga sancti	0.972	0	0.972	5/11	0	0.0	genus	Chitinophaga	0	0.0	genus	Chitinophaga
genus	Leifsonia	0.7066666667	0.2455555556	0.9522222222	9/11	0	0.011488933053823746	genus	Leifsonia	2	0.3333151833601045	order	Actinomycetales
genus	Stenotrophomonas	0.6355555556	0.3111111111	0.9466666667	9/11	0	0.0061715696358773916	genus	Stenotrophomonas	0	0.0061715696358773916	genus	Stenotrophomonas
genus	Acidovorax	0.4809090909	0.4581818182	0.9390909091	11/11	0	0.010445024723595755	genus	Acidovorax	0	0.010445024723595755	genus	Acidovorax
genus	Plantibacter	0.9375	0	0.9375	4/11	0	0.011488933053823746	genus	Plantibacter	2	0.3333151833601045	order	Actinomycetales
genus	Marmoricola	0.4811111111	0.4388888889	0.92	9/11	0	0.012858710992629764	genus	Marmoricola	2	0.3332287909675396	order	Actinomycetales
genus	Azomonas	0.9175	0	0.9175	4/11	0	9.765183504073348E-4	genus	Azomonas	0	0.001410526506143928	genus	Azomonas
species	Chitinophaga japonensis	0.9166666667	0	0.9166666667	6/11	0	0.0	genus	Chitinophaga	0	0.0	genus	Chitinophaga
species	Sphingomonas sanxanigenens	0.916	0	0.916	5/11	0	0.0	genus	Sphingomonas	0	0.0	genus	Sphingomonas
species	Elizabethkingia miricola	0.876	0.04	0.916	5/11	0	0.0	genus	Elizabethkingia	0	0.0	genus	Elizabethkingia
family	Syntrophomonadaceae	0.8	0.1133333333	0.9133333333	9/11	0	0.16949572543674885	family	Syntrophomonadaceae	0	0.21732127369594845	family	Syntrophomonadaceae
genus	Sedimentibacter	0.7988888889	0.1077777778	0.9066666667	9/11	0	0.021961932650073207	genus	Sedimentibacter	2	0.3323572474377745	order	Clostridiales
species	Prosthecobacter debontii	0.9066666667	0	0.9066666667	6/11	0	0.0	genus	Prosthecobacter	0	0.0	genus	Prosthecobacter
family	Desulfomicrobiaceae	0.6877777778	0.2166666667	0.9044444444	9/11	0	0.017146776406035666	family	Desulfomicrobiaceae	0	0.023090992226794695	family	Desulfomicrobiaceae
genus	Sphingobium	0.4155555556	0.4888888889	0.9044444444	9/11	0	0.011763734676187725	genus	Sphingobium	0	0.011763734676187725	genus	Sphingobium
genus	Desulfomicrobium	0.6877777778	0.2166666667	0.9044444444	9/11	0	0.012704174228675136	genus	Desulfomicrobium	0	0.012704174228675136	genus	Desulfomicrobium
genus	Knoellia	0.4833333333	0.42	0.9033333333	9/11	0	0.013603473227206947	genus	Knoellia	2	0.33314037626628074	order	Actinomycetales
genus	Thermomonas	0.7277777778	0.1733333333	0.9011111111	9/11	0	0.0061715696358773916	genus	Thermomonas	0	0.0061715696358773916	genus	Thermomonas
genus	Pseudoxanthomonas	0.7636363636	0.1363636364	0.9	11/11	0	0.0061715696358773916	genus	Pseudoxanthomonas	0	0.0061715696358773916	genus	Pseudoxanthomonas
genus	Clostridium	0.5484848485	0.3423809524	0.8908658009	29/29	2	0.3004484304932735	order	Clostridiales	2	0.333282663221099	order	Clostridiales
genus	Azoarcus	0.7144444444	0.1733333333	0.8877777778	9/11	0	0.022503961965134708	genus	Azoarcus	0	0.022503961965134708	genus	Azoarcus
species	Algoriphagus chordae	0.855	0.02	0.875	2/11	0	0.0	genus	Algoriphagus	0	0.0	genus	Algoriphagus
family	Ruminococcaceae	0.6555555556	0.2055555556	0.8611111111	9/11	0	0.16949572543674885	family	Ruminococcaceae	0	0.21732127369594845	family	Ruminococcaceae
genus	Goodfellowiella	0.8566666667	0	0.8566666667	6/11	0	0.005767230783776118	genus	Goodfellowiella	2	0.3332703034887019	order	Actinomycetales
species	Goodfellowiella coeruleoviolacea	0.8566666667	0	0.8566666667	6/11	0	0.0	genus	Goodfellowiella	2	0.3333333333333333	order	Actinomycetales
genus	Herbaspirillum	0.6911111111	0.1533333333	0.8444444444	9/11	0	0.014858557957900753	genus	Herbaspirillum	0	0.014858557957900753	genus	Herbaspirillum
genus	Streptoalloteichus	0.825	0.0083333333	0.8333333333	6/11	0	0.005767230783776118	genus	Streptoalloteichus	2	0.3332703034887019	order	Actinomycetales
species	Clostridium magnum	0.8166666667	0	0.8166666667	6/11	2	0.3333333333333333	order	Clostridiales	2	0.3333333333333333	order	Clostridiales
species	Streptoalloteichus tenebrarius	0.8	0.0083333333	0.8083333333	6/11	0	0.0	genus	Streptoalloteichus	2	0.3333333333333333	order	Actinomycetales
species	Vibrio ruber	0.7925	0	0.7925	4/11	0	0.0	genus	Vibrio	0	0.0	genus	Vibrio
genus	Propionigenium	0.7816666667	0.0016666667	0.7833333333	6/11	0	0.002997002997002997	genus	Propionigenium	0	0.002997002997002997	genus	Propionigenium
genus	Janthinobacterium	0.6081746032	0.1656349206	0.7738095238	16/18	0	0.014858557957900753	genus	Janthinobacterium	0	0.014858557957900753	genus	Janthinobacterium
genus	Kingella	0.76375	0.0075	0.77125	8/11	0	0.01460446247464503	genus	Kingella	0	0.01460446247464503	genus	Kingella
genus	Cetobacterium	0.6611111111	0.1077777778	0.7688888889	9/11	0	0.002997002997002997	genus	Cetobacterium	0	0.002997002997002997	genus	Cetobacterium
genus	Lachnoclostridium	0.6411111111	0.1177777778	0.7588888889	9/11	0	0.06238380499896715	genus	Lachnoclostridium	0	0.06238380499896715	genus	Lachnoclostridium
species	Desulfacinum infernum	0.75	0.0033333333	0.7533333333	6/11	0	0.0	genus	Desulfacinum	0	0.0	genus	Desulfacinum
genus	Peptoclostridium	0.3740909091	0.3595454545	0.7336363636	22/22	0	0.08195542774982027	genus	Peptoclostridium	0	0.08195542774982027	genus	Peptoclostridium
species	Brenneria nigrifluens	0.73	0	0.73	4/11	0	0.0	genus	Brenneria	0	0.0	genus	Brenneria
family	Williamsiaceae	0.7185714286	0.0071428571	0.7257142857	7/11	1	0.014676822006726604	order	Actinomycetales	1	0.3306799890071061	order	Actinomycetales
genus	Williamsia	0.7185714286	0.0071428571	0.7257142857	7/11	0	0.014799154334038054	genus	Williamsia	2	0.33192389006342493	order	Actinomycetales
genus	Rhizobium	0.575	0.1440909091	0.7190909091	22/22	0	0.050013631819696466	genus	Rhizobium	0	0.051558571385295814	genus	Rhizobium
species	Desulfovibrio desulfuricans	0.6571428571	0.0357142857	0.6928571429	7/11	0	0.0	genus	Desulfovibrio	0	0.0	genus	Desulfovibrio
family	Rhodobiaceae	0.5414285714	0.1442857143	0.6857142857	7/11	0	0.02154957352277317	family	Rhodobiaceae	0	0.022642495663950202	family	Rhodobiaceae
genus	Mucilaginibacter	0.50875	0.1425	0.65125	8/11	0	0.01626244217019487	genus	Mucilaginibacter	0	0.01626244217019487	genus	Mucilaginibacter
genus	Ramlibacter	0.44	0.2085714286	0.6485714286	7/11	0	0.010445024723595755	genus	Ramlibacter	0	0.010445024723595755	genus	Ramlibacter
species	Agromyces subbeticus	0.3555555556	0.2688888889	0.6244444444	9/11	0	0.0	genus	Agromyces	2	0.3333333333333333	order	Actinomycetales
genus	Desulfofustis	0.5855555556	0.0344444444	0.62	9/11	0	0.06443461781427669	genus	Desulfofustis	0	0.06443461781427669	genus	Desulfofustis
genus	Aquamicrobium	0.62	0	0.62	10/22	0	0.004080607696653902	genus	Aquamicrobium	0	0.004080607696653902	genus	Aquamicrobium
genus	Phycicoccus	0.6025555556	0.0128888889	0.6154444444	14/22	0	0.013603473227206947	genus	Phycicoccus	2	0.33314037626628074	order	Actinomycetales
genus	Albidovulum	NA	0.005	0.505	1/18	0	0.022635353295041294	genus	Albidovulum	0	0.023315093634231725	genus	Albidovulum
genus	Cytophaga	0.405	0.0166666667	0.4216666667	6/11	0	0.021514205945146987	genus	Cytophaga	0	0.02414189522089013	genus	Cytophaga
genus	Nitrobacter	0.4128571429	0.0071428571	0.42	7/11	0	0.0066946610677864424	genus	Nitrobacter	0	0.0066946610677864424	genus	Nitrobacter
genus	Comamonas	0.3433333333	0.05	0.3933333333	9/11	0	0.010445024723595755	genus	Comamonas	0	0.010445024723595755	genus	Comamonas
species	Bosea thiooxidans	0.39	0	0.39	5/11	0	0.0	genus	Bosea	0	0.0	genus	Bosea
genus	Pantoea	0.3088888889	0.0777777778	0.3866666667	9/11	0	0.028906157235774502	genus	Pantoea	0	0.028906157235774502	genus	Pantoea
genus	Tissierella	0.35	0	0.35	5/11	0	0.021961932650073207	genus	Tissierella	2	0.3323572474377745	order	Clostridiales
species	Williamsia deligens	0.3333333333	0	0.3333333333	3/11	0	0.0	genus	Williamsia	2	0.3333333333333333	order	Actinomycetales
genus	Salmonella	0.23	0.0071428571	0.2371428571	7/11	0	0.028906157235774502	genus	Salmonella	0	0.028906157235774502	genus	Salmonella
family	Kineosporiaceae	0.16	0	0.16	5/11	0	0.014676822006726604	family	Kineosporiaceae	1	0.3306799890071061	order	Actinomycetales
genus	Gemmobacter	0.132	0	0.132	5/11	0	0.022635353295041294	genus	Gemmobacter	0	0.023315093634231725	genus	Gemmobacter
family	Eubacteriaceae	0.1113888889	0.0155555556	0.1269444444	15/22	0	0.16949572543674885	family	Eubacteriaceae	0	0.21732127369594845	family	Eubacteriaceae
species	Prauserella alba	0.098	0	0.098	5/11	0	0.0	genus	Prauserella	2	0.3333333333333333	order	Actinomycetales
genus	Nitratireductor	0.0642857143	0	0.0642857143	7/11	0	0.004080607696653902	genus	Nitratireductor	0	0.004080607696653902	genus	Nitratireductor
genus	Eubacterium	0.0533333333	0.0077777778	0.0611111111	9/11	0	0.012506513809275664	genus	Eubacterium	0	0.012506513809275664	genus	Eubacterium
species	uncultured Paenibacillus sp.	0.022	0	0.022	5/11	0	0.0	genus	Paenibacillus	0	0.0	genus	Paenibacillus
genus	Ponticoccus	0.004	0.01	0.014	5/11	0	0.028319697923222153	genus	Ponticoccus	2	0.3329137822529893	order	Actinomycetales
genus	Variovorax	0.0066666667	0.0055555556	0.0122222222	9/11	0	0.010445024723595755	genus	Variovorax	0	0.010445024723595755	genus	Variovorax
genus	Aminobacter	0.006	0	0.006	5/11	0	0.004080607696653902	genus	Aminobacter	0	0.004080607696653902	genus	Aminobacter
genus	Terrabacter	0.005	0	0.005	6/11	0	0.013603473227206947	genus	Terrabacter	2	0.33314037626628074	order	Actinomycetales
genus	Mameliella	NA	0	0	0/11	0	0.022635353295041294	genus	Mameliella	0	0.023315093634231725	genus	Mameliella
genus	Pseudorhodoferax	0	0	0	1/11	0	0.010445024723595755	genus	Pseudorhodoferax	0	0.010445024723595755	genus	Pseudorhodoferax
genus	Caenimonas	NA	0	0	0/11	0	0.010445024723595755	genus	Caenimonas	0	0.010445024723595755	genus	Caenimonas
genus	Planktotalea	NA	0	0	0/11	0	0.022635353295041294	genus	Planktotalea	0	0.023315093634231725	genus	Planktotalea
genus	Angustibacter	NA	0	0	0/11	0	0.059805285118219746	genus	Angustibacter	2	0.33240611961057026	order	Actinomycetales
genus	Pelagicola	NA	0	0	0/11	0	0.022635353295041294	genus	Pelagicola	0	0.023315093634231725	genus	Pelagicola
genus	Oceanicella	NA	0	0	0/11	0	0.022635353295041294	genus	Oceanicella	0	0.023315093634231725	genus	Oceanicella
genus	Gemmiger	NA	0	0	0/11	1	0.0980653769179453	family	Ruminococcaceae	1	0.0980653769179453	family	Ruminococcaceae
genus	Asaccharobacter	NA	0	0	0/11	0	0.026211278792692614	genus	Asaccharobacter	3	0.4996028594122319	class	Actinobacteria
genus	Pilibacter	NA	0	0	0/11	0	0.0035091567057791424	genus	Pilibacter	0	0.0035091567057791424	genus	Pilibacter
species	Mameliella alba	NA	0	0	0/11	0	0.0	genus	Mameliella	0	0.0	genus	Mameliella
species	Nocardioides jensenii	NA	0	0	0/11	0	0.0	genus	Nocardioides	2	0.3333333333333333	order	Actinomycetales
species	Rhizobium sp. CHNTR26	NA	0	0	0/11	0	0.0	genus	Rhizobium	0	0.0	genus	Rhizobium
species	uncultured Phenylobacterium sp.	NA	0	0	0/11	0	0.0	genus	Phenylobacterium	0	0.0	genus	Phenylobacterium
species	Rhizobium sp. Ia8	NA	0	0	0/11	0	0.0	genus	Rhizobium	0	0.0	genus	Rhizobium
species	Nocardioides hankookensis	NA	0	0	0/11	0	0.0	genus	Nocardioides	2	0.3333333333333333	order	Actinomycetales
species	Nocardioides sp. RHLT1-14	NA	0	0	0/11	0	0.0	genus	Nocardioides	2	0.3333333333333333	order	Actinomycetales
species	Rhizobium sp. CpLB236	NA	0	0	0/11	0	0.0	genus	Rhizobium	0	0.0	genus	Rhizobium
species	Terrabacter carboxydivorans	NA	0	0	0/11	0	0.0	genus	Terrabacter	2	0.3333333333333333	order	Actinomycetales
species	Rhizobium sp. BA-57-09	NA	0	0	0/11	0	0.0	genus	Rhizobium	0	0.0	genus	Rhizobium
species	Actinosynnema pretiosum	NA	0	0	0/11	0	0.0	genus	Actinosynnema	2	0.3333333333333333	order	Actinomycetales
species	Modestobacter sp. R-36506	NA	0	0	0/11	0	0.0	genus	Modestobacter	2	0.3333333333333333	order	Actinomycetales
species	Nocardioides terrigena	NA	0	0	0/11	0	0.0	genus	Nocardioides	2	0.3333333333333333	order	Actinomycetales
species	Lentzea californiensis	NA	0	0	0/11	0	0.0	genus	Lentzea	2	0.3333333333333333	order	Actinomycetales
species	Phycicoccus sp. THG-a14	NA	0	0	0/11	0	0.0	genus	Phycicoccus	2	0.3333333333333333	order	Actinomycetales
species	Chitinophaga ginsengisegetis	NA	0	0	0/11	0	0.0	genus	Chitinophaga	0	0.0	genus	Chitinophaga
species	Microbacterium sp. C23(2011)	NA	0	0	0/11	0	0.0	genus	Microbacterium	2	0.3333333333333333	order	Actinomycetales
species	Actinokineospora globicatena	NA	0	0	0/11	0	0.0	genus	Actinokineospora	2	0.3333333333333333	order	Actinomycetales
species	Paenibacillus algorifonticola	NA	0	0	0/11	0	0.0	genus	Paenibacillus	0	0.0	genus	Paenibacillus
species	Burkholderia sp. IMER-A1-17	NA	0	0	0/11	1	0.16666666666666666	family	Burkholderiaceae	1	0.16666666666666666	family	Burkholderiaceae
species	[Clostridium] jejuense	NA	0	0	0/11	0	0.0	genus	Lachnoclostridium	0	0.0	genus	Lachnoclostridium
species	Paenibacillus sp. AMB_13	NA	0	0	0/11	0	0.0	genus	Paenibacillus	0	0.0	genus	Paenibacillus
species	Rhizobium sp. DCP1	NA	0	0	0/11	0	0.0	genus	Rhizobium	0	0.0	genus	Rhizobium
species	Pedobacter cryoconitis	NA	0	0	0/11	0	0.0	genus	Pedobacter	0	0.0	genus	Pedobacter
species	Bacillus sp. M5-3	NA	0	0	0/11	0	0.0	genus	Bacillus	0	0.0	genus	Bacillus
species	uncultured Pseudomonas sp.	0	0	0	5/11	0	0.0	genus	Pseudomonas	0	0.0	genus	Pseudomonas
species	Prauserella flava	NA	0	0	0/11	0	0.0	genus	Prauserella	2	0.3333333333333333	order	Actinomycetales
species	Prauserella salsuginis	NA	0	0	0/11	0	0.0	genus	Prauserella	2	0.3333333333333333	order	Actinomycetales
species	Prauserella aidingensis	NA	0	0	0/11	0	0.0	genus	Prauserella	2	0.3333333333333333	order	Actinomycetales
species	Desulfosporosinus lacus	NA	0	0	0/11	0	0.0	genus	Desulfosporosinus	0	0.0	genus	Desulfosporosinus
species	Stackebrandtia albiflava	NA	0	0	0/11	0	0.0	genus	Stackebrandtia	2	0.3333333333333333	order	Actinomycetales
species	Promicromonospora thailandica	NA	0	0	0/11	0	0.0	genus	Promicromonospora	2	0.3333333333333333	order	Actinomycetales
species	Kaistia soli	NA	0	0	0/11	0	0.0	genus	Kaistia	0	0.0	genus	Kaistia
species	Maribacter polysiphoniae	NA	0	0	0/11	0	0.0	genus	Maribacter	0	0.0	genus	Maribacter
species	Prauserella halophila	NA	0	0	0/11	0	0.0	genus	Prauserella	2	0.3333333333333333	order	Actinomycetales
species	Marinomonas polaris	NA	0	0	0/11	0	0.0	genus	Marinomonas	0	0.0	genus	Marinomonas
species	Nocardioides sp. NS/27	NA	0	0	0/11	0	0.0	genus	Nocardioides	2	0.3333333333333333	order	Actinomycetales
species	uncultured Acidovorax sp.	0	0	0	1/11	0	0.0	genus	Acidovorax	0	0.0	genus	Acidovorax
species	Algoriphagus ratkowskyi	NA	0	0	0/11	0	0.0	genus	Algoriphagus	0	0.0	genus	Algoriphagus
species	Algoriphagus yeomjeoni	NA	0	0	0/11	0	0.0	genus	Algoriphagus	0	0.0	genus	Algoriphagus
species	Williamsia maris	NA	0	0	0/11	0	0.0	genus	Williamsia	2	0.3333333333333333	order	Actinomycetales
species	Promicromonospora flava	NA	0	0	0/11	0	0.0	genus	Promicromonospora	2	0.3333333333333333	order	Actinomycetales
species	Nitrobacter sp. NS5-5	NA	0	0	0/11	0	0.0	genus	Nitrobacter	0	0.0	genus	Nitrobacter
species	Ponticoccus litoralis	NA	0	0	0/11	0	0.0	genus	Ponticoccus	0	0.0	genus	Ponticoccus
species	Salmonella subterranea	NA	0	0	0/11	0	0.0	genus	Salmonella	0	0.0	genus	Salmonella
species	Rhodococcus sp. I_48-J6PC12A	NA	0	0	0/11	0	0.0	genus	Rhodococcus	2	0.3333333333333333	order	Actinomycetales
species	Caenimonas koreensis	NA	0	0	0/11	0	0.0	genus	Caenimonas	0	0.0	genus	Caenimonas
species	Fontibacter flavus	NA	0	0	0/11	0	0.0	genus	Fontibacter	0	0.0	genus	Fontibacter
species	Pedobacter aquatilis	NA	0	0	0/11	0	0.0	genus	Pedobacter	0	0.0	genus	Pedobacter
species	Pseudogulbenkiania subflava	NA	0	0	0/11	0	0.0	genus	Pseudogulbenkiania	2	0.3333333333333333	order	Neisseriales
species	Chryseobacterium sp. T85L.09.P.BNT.GC.H.Gill.D.M	NA	0	0	0/11	0	0.0	genus	Chryseobacterium	0	0.0	genus	Chryseobacterium
species	Rubritalea squalenifaciens	NA	0	0	0/11	0	0.0	genus	Rubritalea	1	0.16666666666666666	family	Verrucomicrobiaceae
species	Salegentibacter salinarum	NA	0	0	0/11	0	0.0	genus	Salegentibacter	0	0.0	genus	Salegentibacter
species	Devosia limi	NA	0	0	0/11	0	0.0	genus	Devosia	0	0.0	genus	Devosia
species	Maribacter arcticus	NA	0	0	0/11	0	0.0	genus	Maribacter	0	0.0	genus	Maribacter
species	Desulfovibrio paquesii	NA	0	0	0/11	0	0.0	genus	Desulfovibrio	0	0.0	genus	Desulfovibrio
species	Planktotalea frisia	NA	0	0	0/11	0	0.0	genus	Planktotalea	0	0.0	genus	Planktotalea
species	Sphingomonas hankookensis	NA	0	0	0/11	0	0.0	genus	Sphingomonas	0	0.0	genus	Sphingomonas
species	Agromyces fucosus	0	0	0	1/11	0	0.0	genus	Agromyces	2	0.3333333333333333	order	Actinomycetales
species	Pedobacter luteus	NA	0	0	0/11	0	0.0	genus	Pedobacter	0	0.0	genus	Pedobacter
species	Microbacterium sp. Bt 07	NA	0	0	0/11	0	0.0	genus	Microbacterium	2	0.3333333333333333	order	Actinomycetales
species	Phycicoccus ginsenosidimutans	NA	0	0	0/11	0	0.0	genus	Phycicoccus	2	0.3333333333333333	order	Actinomycetales
species	Acidocella aminolytica	NA	0	0	0/11	0	0.0	genus	Acidocella	0	0.0	genus	Acidocella
species	Parabacteroides chartae	NA	0	0	0/11	0	0.0	genus	Parabacteroides	0	0.0	genus	Parabacteroides
species	uncultured Sphingomonas sp.	0	0	0	5/11	0	0.0	genus	Sphingomonas	0	0.0	genus	Sphingomonas
species	Sedimentibacter saalensis	NA	0	0	0/11	0	0.0	genus	Sedimentibacter	2	0.3333333333333333	order	Clostridiales
species	Devosia sp. R41	NA	0	0	0/11	0	0.0	genus	Devosia	0	0.0	genus	Devosia
species	Marmoricola aurantiacus	NA	0	0	0/11	0	0.0	genus	Marmoricola	2	0.3333333333333333	order	Actinomycetales
species	Oceanimonas baumannii	NA	0	0	0/11	0	0.0	genus	Oceanimonas	0	0.0	genus	Oceanimonas
species	Pelagicola litoralis	NA	0	0	0/11	0	0.0	genus	Pelagicola	0	0.0	genus	Pelagicola
species	Sphingopyxis litoris	NA	0	0	0/11	0	0.0	genus	Sphingopyxis	0	0.0	genus	Sphingopyxis
species	Desulfovibrio senezii	NA	0	0	0/11	0	0.0	genus	Desulfovibrio	0	0.0	genus	Desulfovibrio
species	Sphingopyxis marina	NA	0	0	0/11	0	0.0	genus	Sphingopyxis	0	0.0	genus	Sphingopyxis
species	Desulfotomaculum thermosubterraneum	NA	0	0	0/11	0	0.0	genus	Desulfotomaculum	0	0.0	genus	Desulfotomaculum
species	Desulfovibrio halophilus	NA	0	0	0/11	0	0.0	genus	Desulfovibrio	0	0.0	genus	Desulfovibrio
species	Chryseobacterium bovis	NA	0	0	0/11	0	0.0	genus	Chryseobacterium	0	0.0	genus	Chryseobacterium
species	Oceanicella actignis	NA	0	0	0/11	0	0.0	genus	Oceanicella	0	0.0	genus	Oceanicella
species	Nonlabens xylanidelens	NA	0	0	0/11	0	0.0	genus	Nonlabens	0	0.0	genus	Nonlabens
species	Gemmiger formicilis	NA	0	0	0/11	1	0.16666666666666666	family	Ruminococcaceae	1	0.16666666666666666	family	Ruminococcaceae
species	Desulfovibrio gracilis	NA	0	0	0/11	0	0.0	genus	Desulfovibrio	0	0.0	genus	Desulfovibrio
species	Brevundimonas sp. HINF004	NA	0	0	0/11	0	0.0	genus	Brevundimonas	0	0.0	genus	Brevundimonas
species	Pseudoxanthomonas kalamensis	NA	0	0	0/11	0	0.0	genus	Pseudoxanthomonas	0	0.0	genus	Pseudoxanthomonas
species	Asaccharobacter celatus	NA	0	0	0/11	0	0.0	genus	Asaccharobacter	3	0.5	class	Actinobacteria
species	Desulfotomaculum australicum	NA	0	0	0/11	0	0.0	genus	Desulfotomaculum	0	0.0	genus	Desulfotomaculum
species	Pilibacter termitis	NA	0	0	0/11	0	0.0	genus	Pilibacter	0	0.0	genus	Pilibacter
species	Caldanaerobius fijiensis	NA	0	0	0/11	0	0.0	genus	Caldanaerobius	0	0.0	genus	Caldanaerobius
species	Caloramator proteoclasticus	NA	0	0	0/11	0	0.0	genus	Caloramator	2	0.3333333333333333	order	Clostridiales
species	Desulfomicrobium thermophilum	NA	0	0	0/11	0	0.0	genus	Desulfomicrobium	0	0.0	genus	Desulfomicrobium
species	Thermomonas hydrothermalis	NA	0	0	0/11	0	0.0	genus	Thermomonas	0	0.0	genus	Thermomonas
species	Thermodesulfovibrio hydrogeniphilus	NA	0	0	0/11	0	0.0	genus	Thermodesulfovibrio	0	0.0	genus	Thermodesulfovibrio
